Date,EURUSD=X,GOOG,MC.PA,MSFT,SAN.MC,TEF.MC,TSLA,bund_10y,spain_10y,us_30y
2024-05-28,1.0861891508102417,176.57037353515625,709.6141967773438,423.66180419921875,4.4646172523498535,3.636404037475586,176.75,774.4475943572793,719.3449718744962,254.8030554641026
2024-05-29,1.0851871967315674,175.95541381835938,689.4319458007812,422.5296325683594,4.3966383934021,3.611361026763916,176.19000244140625,767.3871349851155,713.3174118815306,249.52869262032164
2024-05-30,1.0801819562911987,172.14669799804688,699.1422729492188,408.25396728515625,4.489465713500977,3.678718090057373,178.7899932861328,769.4828178238314,716.4281493456194,253.34666747546106
2024-05-31,1.0835410356521606,172.54342651367188,699.6182250976562,408.7068786621094,4.533066272735596,3.7003061771392822,178.0800018310547,770.0077216665912,716.3588599452256,255.75434447055892
2024-06-03,1.0853049755096436,172.9996795654297,702.5693969726562,407.1217346191406,4.548537731170654,3.76766300201416,176.2899932861328,774.7496203830547,722.694488975064,263.95210337630186
2024-06-04,1.0907385349273682,173.70391845703125,699.7134399414062,409.63232421875,4.444927215576172,3.84710955619812,174.77000427246094,778.2322478368418,724.025075909115,269.00064033208
2024-06-05,1.0881866216659546,175.62811279296875,716.4684448242188,417.449462890625,4.388199329376221,3.7987513542175293,175.0,781.3508470416672,727.6804824272205,272.3434276351427
2024-06-06,1.087453007698059,176.897705078125,726.08349609375,417.9515380859375,4.4477410316467285,3.8134312629699707,177.94000244140625,778.080471679769,724.2354148134542,272.0306678548105
2024-06-07,1.0894432067871094,174.51719665527344,725.8931884765625,417.2919006347656,4.438832759857178,3.780616283416748,177.47999572753906,772.4123031425444,715.9432783121299,262.969291393515
2024-06-10,1.0778882503509521,175.3910369873047,710.4708862304688,421.2497253417969,4.417266368865967,3.7452104091644287,173.7899932861328,768.0600618342346,709.3984541082416,259.59635111944266
2024-06-11,1.0764262676239014,176.9401092529297,701.236572265625,425.98529052734375,4.3192830085754395,3.694261312484741,170.66000366210938,771.9608156766965,711.9396335180573,264.1794446734899
2024-06-12,1.0740330219268799,178.3004913330078,700.09423828125,434.23565673828125,4.313187599182129,3.660583019256592,177.2899932861328,778.5358978609609,718.4407523614802,268.6147052748942
2024-06-13,1.0813149213790894,175.5002899169922,696.3814086914062,434.74755859375,4.126595973968506,3.574228286743164,182.47000122070312,781.7321035163109,717.5377829596173,274.70100186620635
2024-06-14,1.0738831758499146,177.1188507080078,677.2464599609375,435.7222900390625,4.10549783706665,3.5491855144500732,178.00999450683594,792.1811682751423,720.4595763497626,278.59716082190215
2024-06-17,1.0702168941497803,177.52597045898438,682.9584350585938,441.43255615234375,4.135034084320068,3.585454225540161,187.44000244140625,787.8601205730542,718.6493073776251,273.9128094716713
2024-06-18,1.0740677118301392,175.21229553222656,676.0087890625,439.4339599609375,4.174415588378906,3.582766532897949,184.86000061035156,789.4774677013594,721.9952606446964,278.59716082190215
2024-06-20,1.0751532316207886,176.46347045898438,679.3408203125,438.80389404296875,4.164101600646973,3.6150195598602295,181.57000732421875,787.0912365715732,719.9717033051038,274.85892138003976
2024-06-21,1.0706409215927124,178.99559020996094,682.8631591796875,442.8207092285156,4.06471061706543,3.6633992195129395,183.00999450683594,788.1679054801871,720.3898579412526,275.0959765669607
2024-06-24,1.0687757730484009,179.52186584472656,691.62158203125,440.743408203125,4.134096622467041,3.6813175678253174,182.5800018310547,787.244947315254,720.8082797404005,277.3984312898012
2024-06-25,1.0732723474502563,184.2782745361328,701.427001953125,443.9726257324219,4.107373237609863,3.616811513900757,187.35000610351562,788.0139964969796,721.5062436070551,276.60224032294695
2024-06-26,1.0709619522094727,184.06971740722656,692.0975341796875,445.1639099121094,4.073618412017822,3.5997891426086426,196.3699951171875,784.9427489907127,716.9827300215504,270.16188705988
2024-06-27,1.068010926246643,185.54928588867188,681.1495361328125,445.84320068359375,4.066586017608643,3.5773909091949463,197.4199981689453,784.7895326282527,715.4587682253842,272.81326417446945
2024-06-28,1.0708472728729248,182.13340759277344,679.3408203125,440.0345458984375,4.06049108505249,3.547826051712036,197.8800048828125,782.3425395882721,715.0437609272763,262.8938472713594
2024-07-01,1.0735257863998413,183.1959228515625,677.8176879882812,449.6632385253906,4.170196056365967,3.568432092666626,209.86000061035156,773.2407847479757,710.8395184084762,257.0038782430726
2024-07-02,1.0737102031707764,185.30104064941406,675.5328369140625,452.17376708984375,4.053927421569824,3.515573024749756,231.25999450683594,772.9394056664256,711.9396335180573,258.92714499957094
2024-07-03,1.0748412609100342,186.0755615234375,680.4830932617188,453.6406555175781,4.143003940582275,3.5442423820495605,246.38999938964844,776.7159505443859,716.7747069484096,265.2430491343296
2024-07-05,1.0810693502426147,190.613525390625,682.0064086914062,460.3255920410156,4.16785192489624,3.560368776321411,251.52000427246094,778.7637209052975,719.6234450569106,268.84619759750404
2024-07-08,1.082602620124817,189.14390563964844,662.3002319335938,459.02606201171875,4.170196056365967,3.55320143699646,252.94000244140625,779.7518018758245,722.3447817427842,269.8517156791233
2024-07-09,1.0830950736999512,189.10418701171875,653.9226684570312,452.42974853515625,4.111124038696289,3.5236363410949707,262.3299865722656,776.6402210327186,718.0238420278689,267.844550675422
2024-07-10,1.0814785957336426,191.30859375,664.1089477539062,459.035888671875,4.217078685760498,3.5791828632354736,263.260009765625,778.4599731388017,722.3447817427842,269.30980090071876
2024-07-11,1.083329677581787,185.9862060546875,675.91357421875,447.6645812988281,4.184260845184326,3.6221871376037598,241.02999877929688,783.4120648076529,727.1872281256822,272.970062413836
2024-07-12,1.0872756242752075,185.46983337402344,690.0030517578125,446.5323791503906,4.227860927581787,3.614123582839966,248.22999572753906,781.5033250817277,725.4988606553222,274.7799499001708
2024-07-15,1.0885539054870605,186.8699493408203,671.724853515625,446.9360046386719,4.173478126525879,3.575599193572998,252.63999938964844,783.4885209869715,727.6804824272205,270.16188705988
2024-07-16,1.0901559591293335,184.19882202148438,658.8729858398438,442.5647277832031,4.163632392883301,3.5442423820495605,256.55999755859375,786.3999466471416,729.7986019863,277.00004020607514
2024-07-17,1.0902509689331055,181.3390350341797,657.064208984375,436.6575927734375,4.195043563842773,3.5926218032836914,248.5,787.244947315254,730.0815299720874,276.6817530470135
2024-07-18,1.094020128250122,177.962890625,657.1594848632812,433.5563049316406,4.208170413970947,3.6956520080566406,249.22999572753906,788.0139964969796,729.9400509003759,273.1269537780642
2024-07-19,1.0901559591293335,178.13168334960938,647.1635131835938,430.34674072265625,4.15800666809082,3.682213544845581,239.1999969482422,784.0239441171293,726.4832170000689,270.78333551311897
2024-07-22,1.0899182558059692,182.0639190673828,658.8729858398438,436.0865478515625,4.248489856719971,3.7010273933410645,251.50999450683594,782.4952305219988,725.709670583871,269.07789607627143
2024-07-23,1.0889805555343628,182.31216430664062,658.3970336914062,437.9670104980469,4.2817769050598145,3.6902763843536377,246.3800048828125,785.9394577439666,727.4690426755511,267.99839884980213
2024-07-24,1.0850694179534912,173.1468963623047,627.7429809570312,422.2638244628906,4.4116411209106445,3.6911721229553223,215.99000549316406,785.6326299290688,725.4988606553222,263.80065483159655
2024-07-25,1.0839520692825317,167.97344970703125,621.269287109375,411.92620849609375,4.270055770874023,3.7386558055877686,220.25,787.8601205730542,726.8351288011053,267.9214633515089
2024-07-26,1.0851283073425293,167.49679565429688,631.2651977539062,418.68994140625,4.247552394866943,3.732384443283081,219.8000030517578,788.6298308629828,727.5395150828183,270.5501194199997
2024-07-29,1.0853756666183472,169.92965698242188,623.2686157226562,420.12738037109375,4.189417839050293,3.7296969890594482,232.10000610351562,791.9490238737118,730.7893779407716,272.970062413836
2024-07-30,1.081946611404419,170.65451049804688,621.0789794921875,416.3763732910156,4.230674743652344,3.7718048095703125,222.6199951171875,793.3430136439259,732.1363698154239,274.85892138003976
2024-07-31,1.0816072225570679,171.93544006347656,621.6500854492188,411.8770446777344,4.1772284507751465,3.7440311908721924,232.07000732421875,796.4504420588155,735.6941534474715,282.30675320870586
2024-08-01,1.082391619682312,171.24037170410156,611.17822265625,410.6562194824219,3.9920430183410645,3.7171542644500732,216.86000061035156,800.6667279954125,737.408641167125,284.42602058701294
2024-08-02,1.0787602663040161,167.21876525878906,600.2303466796875,402.1695861816406,3.7965424060821533,3.692964553833008,207.6699981689453,807.5904180294473,740.132242201857,298.78015702448243
2024-08-05,1.0910836458206177,159.51318359375,594.3280029296875,389.0360107421875,3.7365331649780273,3.6177074909210205,198.8800048828125,805.8533424818987,737.5517134084229,302.50610568230064
2024-08-06,1.0950982570648193,159.41390991210938,592.043212890625,393.4269714355469,3.7168428897857666,3.5800788402557373,200.63999938964844,805.9322112376138,739.1275249642907,291.8057268333409
2024-08-07,1.0926215648651123,159.62245178222656,601.087158203125,392.2652282714844,3.8152952194213867,3.596205472946167,191.75999450683594,798.7897996158612,734.6248255556776,286.6442045608956
2024-08-08,1.0928125381469727,162.69076538085938,602.89599609375,396.4593505859375,3.8115453720092773,3.6105403900146484,198.83999633789062,799.0241507639004,734.6960608661934,284.75351793589624
2024-08-09,1.0915720462799072,164.22988891601562,605.46630859375,399.73779296875,3.8434252738952637,3.6078522205352783,200.0,802.7055433135649,737.9811133731743,289.3796153806343
2024-08-12,1.091381311416626,162.7999725341797,604.6094970703125,400.51556396484375,3.8340487480163574,3.6123318672180176,197.49000549316406,802.4700041954394,738.2675327881748,290.8830129054984
2024-08-13,1.0936251878738403,164.76608276367188,603.7528076171875,407.6041564941406,3.8565523624420166,3.6150195598602295,207.8300018310547,805.8533424818987,742.0021337768669,294.4224099810152
2024-08-14,1.0996986627578735,160.89344787597656,613.2726440429688,410.41009521484375,3.844362735748291,3.6374173164367676,201.3800048828125,806.2477711789004,742.6506141815455,297.0633468644839
2024-08-15,1.1013215780258179,162.02545166015625,624.506103515625,415.2626953125,3.961099863052368,3.638313055038452,214.13999938964844,799.5712642808134,737.408641167125,293.3221516849798
2024-08-16,1.0972732305526733,163.58445739746094,626.5052490234375,412.73779296875,3.9643819332122803,3.6580235958099365,216.1199951171875,799.8840855852682,737.1225882623054,296.2941111046227
2024-08-19,1.1024993658065796,167.21876525878906,642.1179809570312,415.755859375,4.017827987670898,3.702819347381592,222.72000122070312,800.1970415207454,738.1243077987493,297.49159147726664
2024-08-20,1.1086474657058716,167.7748565673828,645.259521484375,418.98101806640625,3.975633382797241,3.6607112884521484,221.10000610351562,803.2554303878703,741.0665392382299,302.94246074078114
2024-08-21,1.112792730331421,166.45419311523438,646.21142578125,418.33013916015625,3.9901673793792725,3.621290922164917,223.27000427246094,804.356448058427,743.4440481033432,301.6353428895635
2024-08-22,1.115536093711853,164.32920837402344,645.449951171875,409.8577575683594,4.00985860824585,3.6150195598602295,210.66000366210938,800.9016849477142,740.3477341501169,296.9777744113613
2024-08-23,1.111716389656067,166.25558471679688,648.4010620117188,411.0807800292969,4.080181121826172,3.6410012245178223,220.32000732421875,802.4700041954394,742.6506141815455,300.7671698855966
2024-08-26,1.1187934875488281,166.75205993652344,649.2578735351562,407.8259582519531,4.057209014892578,3.661607265472412,213.2100067138672,800.5884258612704,740.635164112243,298.69407349324194
2024-08-27,1.1164700984954834,165.2129669189453,637.6436157226562,408.1712341308594,4.159882068634033,3.6732540130615234,209.2100067138672,798.2432742463932,736.7651937663493,297.8346464543765
2024-08-28,1.117793083190918,163.3461151123047,634.2164306640625,404.9756164550781,4.187542915344238,3.6535439491271973,205.75,800.1970415207454,737.3371164950298,297.148944796975
2024-08-29,1.1124955415725708,162.2538604736328,644.8787841796875,407.4610900878906,4.208639621734619,3.6526479721069336,206.27999877929688,798.0091750137053,736.8366574138252,295.27166397754536
2024-08-30,1.1080454587936401,163.95187377929688,641.9276123046875,411.42596435546875,4.215672016143799,3.6678786277770996,214.11000061035156,797.3852795151963,735.2662169668661,290.9667712650441
2024-09-03,1.1067456007003784,157.49746704101562,638.6908569335938,403.8314514160156,4.098934650421143,3.7395517826080322,210.60000610351562,798.6336075219468,736.5508485648713,297.5773169241081
2024-09-04,1.1048868894577026,156.70303344726562,611.7493896484375,403.2987976074219,4.08299446105957,3.7610538005828857,219.41000366210938,803.098277525026,741.714120220646,303.0298097732659
2024-09-05,1.1080454587936401,157.48748779296875,589.472900390625,402.7957763671875,4.1139373779296875,3.790619134902954,230.1699981689453,803.8057318559233,742.7227060340138,306.63362031900954
2024-09-06,1.1111111640930176,151.06289672851562,582.6185302734375,396.197509765625,4.024860382080078,3.7744922637939453,210.72999572753906,806.7213659558253,744.093914896725,306.19177035198464
2024-09-09,1.1087212562561035,148.68655395507812,586.6168823242188,400.1624450683594,4.071274280548096,3.7673251628875732,216.27000427246094,806.7213659558253,744.1661608821244,308.0519730015705
2024-09-10,1.1037527322769165,149.1538543701172,582.9993286132812,408.5262756347656,3.9817285537719727,3.743135452270508,226.1699981689453,808.5396495134183,746.6271213419377,312.3478475488262
2024-09-11,1.1020983457565308,151.2816162109375,577.8585815429688,417.24517822265625,3.981259822845459,3.7727010250091553,228.1300048828125,812.5080123111875,749.2426058071919,310.64004243857187
2024-09-12,1.1010911464691162,154.6522979736328,577.6681518554688,421.15093994140625,4.0567402839660645,3.7753889560699463,229.80999755859375,807.9066922497428,746.7721622571064,308.85277391800514
2024-09-13,1.1077877283096313,157.4661407470703,578.90576171875,424.6916809082031,4.130814552307129,3.797785997390747,230.2899932861328,808.4605000325997,748.1515978013199,309.745076115555
2024-09-16,1.1088441610336304,158.08262634277344,574.6217041015625,425.4314880371094,4.163632392883301,3.858708620071411,226.77999877929688,810.7592993094495,750.0437906098106,314.51895235270723
2024-09-17,1.1129536628723145,159.36524963378906,578.5249633789062,429.18927001953125,4.229737281799316,3.889169692993164,227.8699951171875,808.6188075180552,748.2242772747151,311.8974866614243
2024-09-18,1.1123099327087402,159.8922119140625,567.29150390625,424.9087219238281,4.227392673492432,3.9384450912475586,227.1999969482422,805.1439056039882,743.9494460705648,305.5742854170781
2024-09-19,1.1114816665649414,162.308349609375,584.5224609375,432.6808166503906,4.313187599182129,3.886482000350952,243.9199981689453,805.065121701902,744.5997988636178,303.5544507859069
2024-09-20,1.1161960363388062,163.7003631591797,563.4835205078125,429.3076477050781,4.274274826049805,3.8730432987213135,238.25,802.7840732517518,743.877223228005,301.027350332487
2024-09-23,1.1160838603973389,162.13934326171875,566.52978515625,427.57177734375,4.208639621734619,3.9330692291259766,250.0,806.4056021145609,746.6996379257156,299.90157872024605
2024-09-24,1.1111727952957153,162.70606994628906,584.61767578125,423.29119873046875,4.270055770874023,3.9635303020477295,254.27000427246094,809.4901084276918,749.09703700916,300.7671698855966
2024-09-25,1.1191190481185913,162.0597686767578,587.8544311523438,426.1909484863281,4.238644599914551,3.9715938568115234,257.0199890136719,805.3014988517989,744.6720988804441,295.6972398207649
2024-09-26,1.1131023168563843,162.8949737548828,645.9259033203125,425.40191650390625,4.3464741706848145,3.9491963386535645,254.22000122070312,806.6424122467705,746.9897817459745,296.89222742977444
2024-09-27,1.117717981338501,164.3466339111328,669.6304931640625,422.15692138671875,4.364758491516113,3.9662184715270996,260.4599914550781,809.1731523016174,749.09703700916,299.03856146852934
2024-09-30,1.1169815063476562,166.23580932617188,655.44580078125,424.40570068359375,4.313656330108643,3.9384450912475586,261.6300048828125,809.8072011272953,748.7332511039496,297.49159147726664
2024-10-01,1.113660216331482,167.4587860107422,632.1220703125,414.9273376464844,4.103153705596924,3.935757875442505,258.0199890136719,816.8979738853783,755.7520263397166,302.07040006446505
2024-10-02,1.1063904762268066,166.35513305664062,636.3108520507812,411.4161682128906,4.1500372886657715,3.8927536010742188,249.02000427246094,812.1897561411814,752.3067498130672,297.148944796975
2024-10-03,1.1048502922058105,166.2556915283203,629.26611328125,410.83416748046875,4.150974750518799,3.8649802207946777,240.66000366210938,809.4108565949115,749.4610173511408,292.6471822674575
2024-10-04,1.103557825088501,167.59800720214844,630.1228637695312,410.36077880859375,4.200669288635254,3.8981289863586426,250.0800018310547,803.4912231122287,746.1921844885428,285.40968213948867
2024-10-07,1.0974539518356323,163.45176696777344,647.1635131835938,403.93011474609375,4.275681495666504,3.919630765914917,240.8300018310547,800.510132150457,743.0111504340622,282.469192956737
2024-10-08,1.0975743532180786,164.75430297851562,624.0300903320312,409.02923583984375,4.277556896209717,3.947404384613037,244.5,800.7450385538759,744.3829451383832,280.76838149452044
2024-10-09,1.0975743532180786,162.1293487548828,624.886962890625,411.7415466308594,4.251771926879883,3.9689061641693115,241.0500030517578,799.9623119450109,743.0832807861021,279.72080464409004
2024-10-10,1.0943313837051392,162.24867248535156,623.55419921875,410.1437683105469,4.252240180969238,3.960843086242676,238.77000427246094,800.2753015481193,744.6720988804441,275.9669879473953
2024-10-11,1.0933860540390015,163.5810546875,621.745361328125,410.61724853515625,4.287402153015137,3.942028522491455,217.8000030517578,798.6336075219468,742.7948055846014,276.20503073483843
2024-10-15,1.0909169912338257,165.94744873046875,595.375244140625,413.0040283203125,4.345067501068115,3.9617388248443604,219.57000732421875,802.2345411011496,748.0062621507004,280.5262737086807
2024-10-16,1.0884116888046265,165.78839111328125,573.4794921875,410.41998291015625,4.322564125061035,4.061185359954834,221.3300018310547,806.2477711789004,751.5029057694461,282.8757150182434
2024-10-17,1.0862481594085693,163.57110595703125,580.1433715820312,411.01177978515625,4.295841217041016,4.028933048248291,220.88999938964844,804.2777489103873,750.9188853553785,275.2541307195977
2024-10-18,1.0829542875289917,164.10800170898438,593.2808227539062,412.4320373535156,4.350693225860596,3.973385810852051,220.6999969482422,805.7744822160296,753.2579669406857,276.20503073483843
2024-10-21,1.0868619680404663,164.85374450683594,581.66650390625,413.0435485839844,4.294435024261475,3.9536759853363037,218.85000610351562,798.321324110104,744.093914896725,268.0753571772921
2024-10-22,1.0817828178405762,165.867919921875,586.426513671875,421.6539306640625,4.327721118927002,3.912463903427124,217.97000122070312,795.2835901902419,741.9301188563106,267.4603293835704
2024-10-23,1.079727053642273,163.54129028320312,584.1416625976562,418.7837829589844,4.3235015869140625,3.8954412937164307,213.64999389648438,795.5945667111496,743.5884089736102,265.85280884295145
2024-10-24,1.0780508518218994,163.5909881591797,598.516845703125,418.9120178222656,4.278963565826416,3.8981289863586426,260.4800109863281,799.9623119450109,747.8609575556134,269.5419122605465
2024-10-25,1.0824151039123535,166.0369415283203,596.8983764648438,422.2851867675781,4.290215492248535,3.882002830505371,269.19000244140625,797.307330311283,744.527506568265,267.07667759956297
2024-10-28,1.0796570777893066,167.3792266845703,601.7534790039062,420.74658203125,4.343661308288574,3.8990252017974854,262.510009765625,797.7751512980057,745.5403016848898,264.71069490427425
2024-10-29,1.0816774368286133,170.1632537841797,600.6111450195312,426.0331115722656,4.2128586769104,3.9026083946228027,259.5199890136719,794.0798184648925,741.714120220646,265.5477481358882
2024-10-30,1.0820636749267578,175.13473510742188,588.4256591796875,426.60516357421875,4.229162216186523,3.8882744312286377,257.54998779296875,790.9052997004716,738.1959164725349,266.2346440504569
2024-10-31,1.0859178304672241,171.7044219970703,580.5241088867188,400.7838134765625,4.307799816131592,3.8649802207946777,249.85000610351562,789.5160204531156,736.7651937663493,269.2324763535651
2024-11-01,1.0886130332946777,171.66464233398438,581.66650390625,404.7487487792969,4.421919822692871,3.8828985691070557,248.97999572753906,788.5913257091847,735.8368598178401,260.9401304668329
2024-11-04,1.087453007698059,169.7058563232422,577.572998046875,402.8648986816406,4.41568660736084,3.8837943077087402,242.83999633789062,789.7088152783016,737.2655994541201,269.61932864338786
2024-11-05,1.0874056816101074,170.4317169189453,573.6697998046875,405.82379150390625,4.441579341888428,3.8703556060791016,251.44000244140625,786.5535088939797,734.9098123916536,271.64023998085645
2024-11-06,1.093445897102356,177.31222534179688,574.1458129882812,414.4243469238281,4.229162216186523,3.838998317718506,288.5299987792969,789.4774677013594,733.6994575709399,258.92714499957094
2024-11-07,1.073306918144226,181.23968505859375,589.282470703125,419.6024475097656,4.334171772003174,3.7592618465423584,296.9100036621094,785.8627384345801,731.4270866072914,264.71069490427425
2024-11-08,1.0795172452926636,178.83351135253906,569.6715087890625,416.7520446777344,4.252657413482666,3.7673251628875732,321.2200012207031,791.6396144017735,736.6937377429579,269.15517474775737
2024-11-12,1.066439151763916,182.2737579345703,544.9197387695312,417.23529052734375,4.221970081329346,3.669670581817627,328.489990234375,792.529525239871,736.5508485648713,261.91510647089336
2024-11-13,1.061672568321228,179.45989990234375,546.44287109375,419.3755798339844,4.222928524017334,3.654439926147461,330.239990234375,789.9788150415934,736.5508485648713,256.7093038888566
2024-11-14,1.0564124584197998,176.33782958984375,556.3435668945312,421.0423889160156,4.313553810119629,3.7162578105926514,311.17999267578125,793.3430136439259,740.8508171384336,259.745306149618
2024-11-15,1.0530084371566772,172.89755249023438,558.15234375,409.3152770996094,4.388834476470947,3.7744922637939453,320.7200012207031,792.8393173410537,740.4195801355293,257.8157601095692
2024-11-18,1.0533745288848877,175.79095458984375,560.3419189453125,410.0649108886719,4.4305500984191895,3.8372066020965576,338.739990234375,791.0598299820132,739.1275249642907,258.92714499957094
2024-11-19,1.059490442276001,178.5550994873047,549.5844116210938,412.0671081542969,4.361023426055908,3.8784189224243164,346.0,793.6919326682787,740.9227168289958,260.7904673587554
2024-11-20,1.0607603788375854,176.31793212890625,547.7757568359375,409.798583984375,4.321225643157959,3.8748350143432617,342.0299987792969,793.4205366208721,740.4195801355293,259.52190670758074
2024-11-21,1.0546187162399292,168.27410888671875,547.2996215820312,408.029541015625,4.341844081878662,3.8201839923858643,339.6400146484375,795.7112173894376,741.3542761941684,259.59635111944266
2024-11-22,1.0469341278076172,165.61935424804688,555.0108032226562,412.1111755371094,4.188884258270264,3.8524372577667236,352.55999755859375,800.3535699948691,746.0472674773815,259.89434950008797
2024-11-25,1.0479873418807983,168.46299743652344,564.0546875,413.8801574707031,4.254095554351807,3.858708620071411,338.5899963378906,804.1597160691381,748.58779115878,269.8517156791233
2024-11-26,1.0444300174713135,169.646240234375,567.3865966796875,422.97222900390625,4.21142053604126,3.851541042327881,338.2300109863281,804.5925963320904,748.6605172453493,269.6967680027364
2024-11-27,1.0491198301315308,169.8450927734375,561.7698974609375,418.0309753417969,4.196077346801758,3.882002830505371,332.8900146484375,807.1162620334075,752.0143335072299,271.7963415999781
2024-11-29,1.0563008785247803,169.51695251464844,564.0546875,418.49542236328125,4.196077346801758,3.8398940563201904,345.1600036621094,813.3839243316671,759.6579605421621,277.55795346258395
2024-12-02,1.0545074939727783,171.9927520751953,582.4080200195312,425.9272766113281,4.196077346801758,3.8622922897338867,357.0899963378906,817.6588791828374,761.2858089834673,277.23900385422235
2024-12-03,1.0501223802566528,172.0325469970703,585.3869018554688,426.14471435546875,4.256972789764404,3.8748350143432617,351.4200134277344,815.9379434699381,762.1753433196731,274.4642983679009
2024-12-04,1.0510826110839844,175.08502197265625,586.3478393554688,432.2917785644531,4.291496753692627,3.8533332347869873,357.92999267578125,816.2178240779044,762.1011718065904,278.83754836542295
2024-12-05,1.051414132118225,173.31515502929688,585.3869018554688,437.4307861328125,4.4880900382995605,3.886482000350952,369.489990234375,812.0306794803122,761.43398536718,280.04270510881025
2024-12-06,1.058559536933899,175.48272705078125,605.7582397460938,438.36968994140625,4.452608108520508,3.886482000350952,389.2200012207031,811.354985921415,761.9528525987998,280.1232400196392
2024-12-09,1.0565463304519653,176.28903198242188,627.0903930664062,440.7909240722656,4.460759162902832,3.8712515830993652,389.7900085449219,810.9578080430739,761.9528525987998,275.8084105375949
2024-12-10,1.0555204153060913,185.67584228515625,611.1393432617188,438.1324462890625,4.484733581542969,3.833623170852661,400.989990234375,811.0769389455032,761.5080854557164,273.3624655584251
2024-12-11,1.0532968044281006,195.8092041015625,618.6344604492188,443.7261047363281,4.447332859039307,3.83093523979187,424.7699890136719,809.9261461131128,761.43398536718,268.3063692048793
2024-12-12,1.0506850481033325,192.7433319091797,620.7484130859375,444.2894287109375,4.470828533172607,3.841686248779297,418.1000061035156,805.3014988517989,755.1643726803504,262.969291393515
2024-12-13,1.0474056005477905,190.5036163330078,614.0220947265625,442.0262756347656,4.490967273712158,3.8327269554138184,436.2300109863281,800.7450385538759,750.0437906098106,259.4474843555361
2024-12-16,1.051005244255066,197.25259399414062,606.5270385742188,446.2956237792969,4.479938983917236,3.8497493267059326,463.0199890136719,801.0583650506983,749.09703700916,259.1500154106095
2024-12-17,1.0517348051071167,196.21734619140625,610.7549438476562,449.1319580078125,4.277111530303955,3.7550606727600098,479.8599853515625,801.9599302077803,749.6066639556243,260.56613899109243
2024-12-18,1.0495051145553589,189.2792510986328,611.6198120117188,432.2621154785156,4.320745944976807,3.722569465637207,440.1300048828125,801.2150788707386,748.4423622981144,253.5645761275015
2024-12-19,1.0350252389907837,188.83131408691406,602.9715576171875,431.90631103515625,4.218133449554443,3.6724400520324707,436.1700134277344,796.2558360382044,744.093914896725,249.3857876870098
2024-12-20,1.0364949703216553,192.07640075683594,603.548095703125,431.48138427734375,4.177855968475342,3.64644718170166,421.05999755859375,797.6581677507223,745.6851103747614,250.53139940391867
2024-12-23,1.0433076620101929,195.09251403808594,604.6051635742188,430.1471862792969,4.153881072998047,3.6325223445892334,430.6000061035156,794.506733698668,742.2182246770736,246.61598102029495
2024-12-24,1.0405826568603516,196.665283203125,606.142578125,434.17938232421875,4.1438117027282715,3.6325223445892334,462.2799987792969,795.0115954143143,742.4343848039019,247.5357004713636
2024-12-27,1.0423181056976318,193.1514434814453,610.7549438476562,425.4825439453125,4.208064079284668,3.6575870513916016,431.6600036621094,789.6702521706719,738.912423659122,243.52920015810128
2024-12-30,1.0429377555847168,191.80763244628906,604.701171875,419.8493347167969,4.21621561050415,3.64644718170166,417.4100036621094,792.0263970251859,739.773242261115,248.53013220837693
2024-12-31,1.040615200996399,189.56793212890625,610.6588745117188,416.5584411621094,4.281427383422852,3.654801845550537,403.8399963378906,791.7943025129014,739.6296959212196,246.05175561132444
2025-01-02,1.0351860523223877,189.75706481933594,610.5628051757812,413.672607421875,4.222448825836182,3.705859661102295,379.2799987792969,791.4463010083592,740.0604268854539,246.33370138682804
2025-01-03,1.0268205404281616,192.24560546875,587.40478515625,418.3866882324219,4.218133449554443,3.68729305267334,410.44000244140625,786.9759751789048,736.5508485648713,244.0175956689394
2025-01-06,1.0305347442626953,197.05349731445312,609.7940063476562,422.833984375,4.363421440124512,3.6742966175079346,411.04998779296875,785.2109568066498,736.4794154084034,241.58569686352885
2025-01-07,1.0386372804641724,195.8092041015625,619.3070678710938,417.418212890625,4.405616760253906,3.641805410385132,394.3599853515625,782.3043719760726,733.9840495430378,237.20335243862434
2025-01-08,1.034554123878479,194.49525451660156,610.8510131835938,419.58251953125,4.382121562957764,3.638092041015625,394.94000244140625,779.3716076290309,730.0107866660879,235.91821991828715
2025-01-10,1.0297601222991943,192.28543090820312,619.7875366210938,414.0382995605469,4.381162643432617,3.6204543113708496,394.739990234375,776.0725085145122,725.4988606553222,234.7744632349406
2025-01-13,1.0244431495666504,191.40943908691406,621.1328125,412.2989196777344,4.399863243103027,3.626023769378662,403.30999755859375,774.33436799015,722.6245326326828,233.50292516937216
2025-01-14,1.0265253782272339,190.17515563964844,625.552978515625,410.7967529296875,4.493844032287598,3.633450508117676,396.3599853515625,771.923204826705,721.1571687902165,232.90310350943975
2025-01-15,1.0306835174560547,196.07798767089844,612.2924194335938,421.31201171875,4.570084571838379,3.6882216930389404,428.2200012207031,779.105592986382,729.7278888361843,239.58967263710892
2025-01-16,1.0295268297195435,193.519775390625,668.3135375976562,419.602294921875,4.5863871574401855,3.671511650085449,413.82000732421875,779.6377221847436,731.2144490628223,241.24033274330645
2025-01-17,1.0301949977874756,196.6453857421875,663.1245727539062,424.0001220703125,4.60269021987915,3.685436487197876,426.5,780.9697950927821,731.9235054432979,241.24033274330645
2025-01-21,1.0420682430267334,198.71585083007812,673.8867797851562,423.476318359375,4.593100547790527,3.6083860397338867,424.07000732421875,782.9535000437475,734.1975732094077,244.64702035583406
2025-01-22,1.0405935049057007,199.114013671875,685.898193359375,440.9688415527344,4.5437116622924805,3.5396900177001953,415.1099853515625,781.3127326450949,733.7705941827139,243.18096473241275
2025-01-23,1.0410159826278687,198.66607666015625,692.432373046875,441.47283935546875,4.6549553871154785,3.5257651805877686,412.3800048828125,780.208304293618,731.8525657817636,240.06990604897229
2025-01-24,1.041601538658142,200.97544860839844,705.4046630859375,438.8538818359375,4.682287216186523,3.509983539581299,406.5799865722656,777.8149417473917,730.7185591836666,242.0008083106756
2025-01-27,1.0467586517333984,192.8826904296875,725.2955322265625,429.46527099609375,4.700986862182617,3.5693962574005127,397.1499938964844,780.9697950927821,733.2017136479361,247.1107749523598
2025-01-28,1.0445064306259155,196.16758728027344,721.2597045898438,441.9571228027344,4.712494850158691,3.6306655406951904,398.0899963378906,776.6023593226491,731.9235054432979,246.61598102029495
2025-01-29,1.0429050922393799,196.2770538330078,685.3216552734375,437.1441955566406,4.801681041717529,3.6668701171875,389.1000061035156,775.8077322394364,731.4270866072914,246.82791008516304
2025-01-30,1.0425245761871338,201.70211791992188,687.8200073242188,410.1247253417969,4.820861339569092,3.6817233562469482,400.2799987792969,779.9039366944596,735.8368598178401,247.6065947654426
2025-01-31,1.0397279262542725,204.65850830078125,676.0008544921875,410.1938781738281,4.7604451179504395,3.652945041656494,404.6000061035156,784.3300808921541,735.9795966384349,245.48886400439437
2025-02-03,1.024779200553894,201.71206665039062,663.1245727539062,406.1024475097656,4.64296817779541,3.67708158493042,383.67999267578125,789.8630884254208,739.9886192340696,246.19268679231578
2025-02-04,1.0327378511428833,206.7588653564453,665.6229858398438,407.535400390625,4.783940315246582,3.638092041015625,392.2099914550781,789.4389170204138,739.8450269227932,248.81501311741187
2025-02-05,1.0372798442840576,192.4148406982422,659.1848754882812,408.44464111328125,5.180483818054199,3.691934823989868,378.1700134277344,792.0263970251859,741.9301188563106,256.3415765062938
2025-02-06,1.0400848388671875,192.42478942871094,669.6588134765625,410.9449768066406,5.397215843200684,3.753204107284546,374.32000732421875,790.9825606901445,741.7861120790964,256.48860209795487
2025-02-07,1.0385725498199463,186.28305053710938,657.4552612304688,404.9461364746094,5.300357818603516,3.8079750537872314,361.6199951171875,790.6349516023627,741.1384619586883,252.62170182977195
2025-02-10,1.0311616659164429,187.33819580078125,658.51220703125,407.38720703125,5.259121417999268,3.8386096954345703,350.7300109863281,791.9490238737118,741.7861120790964,251.3941760062468
2025-02-11,1.0301525592803955,186.21336364746094,658.4161376953125,406.6163330078125,5.424068450927734,3.8850257396698,328.5,786.7839141149689,736.5508485648713,248.53013220837693
2025-02-12,1.0364949703216553,184.58087158203125,660.9144897460938,404.2444763183594,5.530516624450684,3.913803815841675,336.510009765625,782.8771012927965,733.6994575709399,242.83324384133294
2025-02-13,1.039198637008667,187.01966857910156,679.5562133789062,405.7268371582031,5.486402988433838,3.901735305786133,355.94000244140625,787.3986910795043,738.6257290253017,249.24296732170427
2025-02-14,1.0461673736572266,186.0142822265625,685.1294555664062,403.6416320800781,5.554490566253662,3.840466260910034,355.8399963378906,787.0912365715732,736.9796075845735,252.26002321981576
2025-02-18,1.048536777496338,184.9491729736328,677.5382690429688,404.8374328613281,5.716561317443848,3.8469645977020264,354.1099853515625,781.9228084882141,733.8417383813985,247.4648271520263
2025-02-19,1.044833779335022,186.2730712890625,663.8933715820312,409.90728759765625,5.566957950592041,3.798691749572754,360.55999755859375,777.4736925735627,728.6680955074871,247.39397480102642
2025-02-20,1.0421009063720703,185.7853240966797,668.3135375976562,412.0759582519531,5.580383777618408,3.8265416622161865,354.3999938964844,778.6498002176355,729.7278888361843,248.74376127066998
2025-02-21,1.0500562191009521,180.7484893798828,674.94384765625,404.2331237792969,5.64271879196167,3.8748137950897217,337.79998779296875,784.0622040249457,734.0552165077554,253.5645761275015
2025-02-24,1.0474823713302612,180.3602752685547,665.0464477539062,400.0641174316406,5.7108073234558105,3.9342267513275146,330.5299987792969,783.5267521545318,733.2017136479361,255.38803051180963
2025-02-25,1.0461344718933105,176.5577850341797,657.4552612304688,394.0235595703125,5.797117233276367,3.9954957962036133,302.79998779296875,784.9427489907127,735.1949208444184,262.7430261172349
2025-02-26,1.0524100065231323,173.89999389648438,672.9259033203125,395.83575439453125,5.9764485359191895,4.01499080657959,290.79998779296875,785.9394577439666,737.5517134084229,266.3875367676972
2025-02-27,1.0488777160644531,169.43057250976562,666.00732421875,388.70587158203125,5.943842887878418,4.008492469787598,281.95001220703125,787.8216567566773,737.7663790264721,264.1794446734899
2025-02-28,1.039511799812317,171.4313507080078,667.7369995117188,393.1224060058594,5.966858863830566,3.992711305618286,292.9800109863281,789.9016618919587,737.9095276196077,268.2293423478338
2025-03-03,1.0413846969604492,167.88768005371094,663.7972412109375,384.7052307128906,6.038783073425293,3.961148262023926,284.6499938964844,781.8846634002039,733.2017136479361,270.70557374250836
2025-03-04,1.0485037565231323,171.81956481933594,641.3118896484375,384.82403564453125,5.67340612411499,3.8952372074127197,272.0400085449219,782.762518541466,731.6397921723587,264.02786133780415
2025-03-05,1.062699317932129,174.18870544433594,638.3330688476562,397.1131591796875,5.907400608062744,3.81725811958313,279.1000061035156,759.9536479653314,713.0416217432778,261.6147135651695
2025-03-06,1.0794938802719116,173.4122772216797,627.4747924804688,393.0234375,6.05220890045166,3.848820924758911,263.45001220703125,752.4895735175157,707.6187298601516,261.0149953001217
2025-03-07,1.0787951946258545,174.9451904296875,609.89013671875,389.4783020019531,5.967817783355713,3.9035918712615967,262.6700134277344,756.1195653119211,709.3984541082416,259.37308405656097
2025-03-10,1.086059331893921,167.2318572998047,605.6621704101562,376.4563903808594,5.706971168518066,3.943510055541992,222.14999389648438,756.8552332495447,710.0842740191399,263.5736503571967
2025-03-11,1.0839403867721558,165.4081573486328,596.533447265625,376.74359130859375,5.6216206550598145,3.949079990386963,230.5800018310547,753.4044254271363,707.2770385831683,259.745306149618
2025-03-12,1.0914170742034912,168.4177703857422,587.88525390625,379.53607177734375,5.755879878997803,3.9230868816375732,248.08999633789062,752.3433106447626,708.9188137097722,256.93020192382687
2025-03-13,1.0886249542236328,164.1624755859375,581.3511352539062,375.0799255371094,5.759716033935547,4.035414218902588,240.67999267578125,754.7606523651453,709.3984541082416,260.1180802446098
2025-03-14,1.085564136505127,167.0425262451172,581.4471435546875,384.7745666503906,5.959186553955078,4.034485340118408,249.97999572753906,753.331192268785,708.9873119210928,257.59407529531103
2025-03-17,1.0881274938583374,165.9961395263672,585.8673706054688,384.9132385253906,6.0675530433654785,4.047482013702393,238.00999450683594,758.5502592888412,713.8693442373503,260.1180802446098
2025-03-18,1.091917634010315,162.1095733642578,586.1556396484375,379.78369140625,6.310177803039551,4.0558366775512695,225.30999755859375,757.5916886102141,713.4553509503587,260.4166975298305
2025-03-19,1.093948245048523,165.70713806152344,586.732177734375,384.0417785644531,6.291957378387451,4.0224175453186035,235.86000061035156,758.8454724625375,714.4217463955074,262.969291393515
2025-03-20,1.0911908149719238,164.4813690185547,580.87060546875,383.07135009765625,6.13755989074707,4.015919208526611,236.25999450683594,760.3604249095039,714.0074007158865,262.5169620088939
2025-03-21,1.0856702327728271,165.67723083496094,578.9487915039062,387.4482727050781,6.175919055938721,4.027987003326416,248.7100067138672,761.2858089834673,715.5279618643924,260.1180802446098
2025-03-24,1.0835762023925781,169.3445587158203,572.9911499023438,389.2505187988281,6.235376358032227,3.9500083923339844,278.3900146484375,760.9155067755623,715.7355869516305,254.58404693497303
2025-03-25,1.0803569555282593,172.1947021484375,574.9130249023438,391.31024169921875,6.347579002380371,3.9732162952423096,288.1400146484375,759.2146666659547,714.767236509692,254.8761015627817
2025-03-26,1.0787487030029297,166.5641632080078,571.261474609375,386.17083740234375,6.235376358032227,3.994567394256592,272.05999755859375,759.4732201689562,714.9054840115875,251.97106560738496
2025-03-27,1.0742061138153076,163.5147247314453,566.0725708007812,386.77484130859375,6.187427043914795,4.01499080657959,273.1300048828125,760.6564131205122,716.3588599452256,250.67498274492658
2025-03-28,1.080100178718567,155.5223388671875,564.1507568359375,375.109619140625,6.058921813964844,4.012205600738525,263.54998779296875,763.734780824244,718.4407523614802,257.22503821703384
2025-03-31,1.082391619682312,155.69175720214844,549.3527221679688,371.7328796386719,5.941925048828125,4.041912078857422,259.1600036621094,764.1065925588302,718.3017526710119,261.1647915591481
2025-04-01,1.0818880796432495,158.3326416015625,552.6198120117188,378.46661376953125,6.063716888427734,4.101325035095215,268.4599914550781,767.5366182196058,721.9952606446964,265.62397938545865
2025-04-02,1.0795987844467163,158.31271362304688,552.7160034179688,378.4171142578125,6.091527938842773,4.060478687286377,282.760009765625,764.3297751703006,720.0413771993748,267.3835534940435
2025-04-03,1.090869426727295,152.10415649414062,521.6785888671875,369.47503662109375,5.775059223175049,4.151453971862793,267.2799987792969,770.5705557548009,722.9743888501728,268.84619759750404
2025-04-04,1.1043744087219238,147.23101806640625,509.2827453613281,356.3343505859375,5.268711090087891,3.9936392307281494,239.42999267578125,775.9211956163736,725.2881180863395,273.51958998467245
2025-04-07,1.098454475402832,148.72584533691406,487.75836181640625,354.3736572265625,5.028004169464111,3.8061180114746094,233.2899932861328,773.7685092277341,719.8323777637781,257.1512963829964
2025-04-08,1.0915361642837524,146.07501220703125,499.48150634765625,351.1058349609375,5.278301239013672,3.788480043411255,221.86000061035156,771.7727815823623,719.4145790555307,247.81940356022872
2025-04-09,1.0980443954467773,160.50511169433594,478.9179992675781,386.6857604980469,5.145000457763672,3.6102423667907715,272.20001220703125,775.1651177452947,719.3449718744962,249.81475639776886
2025-04-10,1.0952062606811523,154.834716796875,503.70947265625,377.6347961425781,5.4298224449157715,3.6668701171875,252.39999389648438,775.0139994418822,722.0651499787677,240.20729820817138
2025-04-11,1.1257838010787964,158.850830078125,503.9017333984375,384.6656494140625,5.358856201171875,3.7095730304718018,252.30999755859375,779.143588962614,723.3944622748236,239.79536528879208
2025-04-14,1.1343141794204712,160.9136962890625,509.3788146972656,384.0318908691406,5.560245037078857,3.825613021850586,252.35000610351562,779.5996997009637,728.8093034127721,244.15732306117613
2025-04-15,1.1339668035507202,158.13330078125,469.5491027832031,381.9721374511719,5.759716033935547,3.867387533187866,254.11000061035156,777.8528684914545,726.9759460220073,245.98132128498028
2025-04-16,1.1292672157287598,154.9642791748047,466.2339782714844,367.9896545410156,5.777936935424805,3.9630045890808105,241.5500030517578,781.0459891262448,729.3037681771998,249.17158883591134
2025-04-17,1.1396790742874146,152.83163452148438,466.6183166503906,364.1969909667969,5.69834041595459,4.018703937530518,241.3699951171875,783.9091767151406,731.6397921723587,244.43702593056545
2025-04-22,1.1512778997421265,153.36978149414062,468.2518615722656,363.2463684082031,5.804788589477539,4.053980350494385,237.97000122070312,785.8627384345801,734.4111652056694,239.45264549962175
2025-04-23,1.1351252794265747,157.17660522460938,480.74371337890625,370.74261474609375,6.060839653015137,4.042840480804443,250.74000549316406,781.6939686617745,732.4202949153256,243.25057062964893
2025-04-24,1.132733702659607,160.9136962890625,487.47491455078125,383.5268249511719,5.997546672821045,4.046554088592529,259.510009765625,785.6326299290688,737.6948161851234,246.82791008516304
2025-04-25,1.1371906995773315,163.28550720214844,486.596923828125,388.03253173828125,6.152903079986572,4.079972743988037,284.95001220703125,783.2591770688613,735.123632326557,250.67498274492658
2025-04-28,1.1343141794204712,161.8604278564453,489.7186279296875,387.3492431640625,6.26702356338501,4.138457298278809,285.8800048828125,780.7031803572958,731.6397921723587,253.4919183988324
2025-04-29,1.1409143209457397,161.5016632080078,477.3293151855469,390.2012023925781,6.274827003479004,4.15980863571167,292.0299987792969,781.8083793648669,732.4912951135034,255.97439341332426
2025-04-30,1.1389262676239014,160.335693359375,475.9635925292969,391.4093017578125,6.029998779296875,4.194156646728516,282.1600036621094,785.7860273629441,736.1223639163459,253.2740742676084
2025-05-02,1.1296498775482178,165.23875427246094,483.7191162109375,431.0393981933594,6.181187629699707,4.173733234405518,287.2099914550781,779.675746708401,731.1435849929204,245.84051512878082
2025-05-05,1.1323232650756836,165.47793579101562,480.2071533203125,431.9207458496094,6.227031707763672,4.1523823738098145,280.260009765625,779.8278652041929,731.9235054432979,242.416656852902
2025-05-06,1.1313369274139404,164.630859375,477.1342468261719,429.0885925292969,6.192892074584961,4.218293190002441,275.3500061035156,778.80169854196,730.6477479756228,244.9974254241421
2025-05-07,1.1342755556106567,152.2735595703125,471.6712341308594,429.1282043457031,6.194843292236328,4.203439712524414,276.2200012207031,783.1827455074646,734.9098123916536,247.1107749523598
2025-05-08,1.1306205987930298,155.21339416503906,475.37823486328125,433.9012756347656,6.399679660797119,4.147740364074707,284.82000732421875,779.8658999290292,732.0654074592497,241.86235599548777
2025-05-09,1.122422695159912,153.84812927246094,483.6215515136719,434.4557800292969,6.489417552947998,4.155167102813721,298.260009765625,777.3220791394499,729.3037681771998,242.55543706600602
2025-05-12,1.12296462059021,159.0302276611328,517.5213623046875,444.8832092285156,6.598663806915283,4.100395679473877,318.3800048828125,770.4579527438938,725.0072327353294,237.81462217572908
2025-05-13,1.1095577478408813,160.335693359375,523.7648315429688,444.764404296875,6.6162214279174805,4.095754623413086,334.07000732421875,767.9852601395207,722.9743888501728,237.4748271903268
2025-05-14,1.1185556650161743,166.2353057861328,512.35107421875,448.5273742675781,6.727418422698975,4.003851413726807,347.67999267578125,766.7148566138712,721.5062436070551,233.03625947375042
2025-05-15,1.1181930303573608,164.8301544189453,494.8889465332031,449.5392761230469,6.701082229614258,4.053051948547363,342.82000732421875,771.735180809593,727.1872281256822,238.70044243533906
2025-05-16,1.1192693710327148,166.85316467285156,491.5721435546875,450.6701965332031,6.743024826049805,4.1152496337890625,349.9800109863281,774.6741017317389,728.950541419644,237.88264144015506
2025-05-19,1.1187559366226196,167.29165649414062,486.4018249511719,455.2337951660156,6.772286891937256,4.173733234405518,342.0899963378906,775.4296527757812,729.3037681771998,237.74662300858898
2025-05-20,1.1233429908752441,164.75045776367188,492.54766845703125,454.5393371582031,6.870804309844971,4.223863124847412,343.82000732421875,773.6930957663388,728.8799186530724,233.83684895481574
2025-05-21,1.1287955045700073,169.47410583496094,481.5729064941406,448.9837341308594,6.863000392913818,4.2433576583862305,334.6199951171875,770.4579527438938,725.9908553107484,225.892664086259
2025-05-22,1.133118748664856,171.38748168945312,473.2320861816406,451.25555419921875,6.900065898895264,4.276777267456055,341.0400085449219,770.7958160887351,726.2721598854233,228.8140272716391
2025-05-23,1.1281843185424805,169.00572204589844,467.2813415527344,446.6126403808594,6.798623085021973,4.275848865509033,339.3399963378906,775.5808602345322,729.7278888361843,229.40296957677702
2025-05-27,1.1388484239578247,173.38059997558594,470.1103820800781,457.03936767578125,6.930304050445557,4.3213372230529785,362.8900146484375,778.6877717432544,734.0552165077554,234.7744632349406
2025-05-28,1.1337097883224487,172.78268432617188,471.81756591796875,453.7357482910156,6.861050128936768,4.323193073272705,356.8999938964844,777.6253385370358,732.7753716254393,233.23614093654433
2025-05-29,1.123368263244629,172.3641357421875,469.4762878417969,455.0453186035156,6.85714864730835,4.337118148803711,358.42999267578125,780.2844166077107,736.2651616586596,236.45844917649995
2025-05-30,1.1378376483917236,172.25450134277344,466.5496826171875,456.71197509765625,6.858123779296875,4.374250888824463,346.4599914550781,780.5889475499704,737.1940900435073,236.52606765762303
2025-06-02,1.1353315114974976,169.78305053710938,465.525390625,458.3092346191406,6.867877960205078,4.380749225616455,342.69000244140625,779.4856444876959,735.908224421417,233.70322026597898
2025-06-03,1.1453442573547363,167.13221740722656,462.013427734375,459.3013000488281,6.82788610458374,4.337118148803711,344.2699890136719,780.8936092355636,736.5508485648713,232.5041071414831
2025-06-04,1.1384464502334595,168.80642700195312,464.98883056640625,460.19415283203125,6.779114723205566,4.326906204223633,332.04998779296875,779.5996997009637,735.4088320290683,239.45264549962175
2025-06-05,1.1422044038772583,169.22499084472656,458.5990905761719,463.9739990234375,6.875680923461914,4.367752552032471,284.70001220703125,774.6363454425949,731.8525657817636,239.45264549962175
2025-06-06,1.1453834772109985,174.31736755371094,459.7209167480469,466.6525573730469,6.903968334197998,4.35290002822876,295.1400146484375,776.4887863740738,733.486093248266,233.7700247439455
2025-06-09,1.1407841444015503,177.23081970214844,460.0135803222656,469.0038146972656,6.9088454246521,4.326906204223633,308.5799865722656,775.9211956163736,733.9128901678793,235.37926594940467
2025-06-10,1.1428048610687256,179.60545349121094,463.2328796386719,467.1883239746094,6.7693610191345215,4.309268474578857,326.0899963378906,778.8396782158757,736.6937377429579,235.98567876936812
2025-06-11,1.143746018409729,178.38819885253906,459.0868225097656,468.8748474121094,6.790820121765137,4.278634548187256,326.42999267578125,778.2701969644767,735.3375206947883,237.13553387145933
2025-06-12,1.1509333848953247,176.57228088378906,457.379638671875,475.0752868652344,6.826910018920898,4.277705192565918,319.1099853515625,782.8771012927965,738.3391567465567,241.93157191877705
2025-06-13,1.1600254774093628,175.4847412109375,450.1119079589844,471.1962890625,6.690352916717529,4.264708995819092,325.30999755859375,778.4599731388017,732.562302882723,238.1549195933724
2025-06-16,1.1556684970855713,177.54010009765625,455.9163513183594,475.3431701660156,6.952738285064697,4.39281702041626,329.1300048828125,779.0296071484195,734.1975732094077,234.10434324771848
2025-06-17,1.1551345586776733,176.83169555664062,449.4290466308594,474.25189208984375,6.766434669494629,4.358304023742676,316.3500061035156,778.5738632766087,727.8919897815941,238.76872352314638
2025-06-18,1.1482638120651245,173.58900451660156,452.6970520019531,476.4344482421875,6.790820121765137,4.389941215515137,322.04998779296875,781.3127326450949,730.5061482031994,238.76872352314638
2025-06-20,1.1512778997421265,167.35304260253906,438.9420471191406,473.6169128417969,6.744975566864014,4.3554277420043945,322.1600036621094,780.208304293618,728.7386956978697,238.8370247942542
2025-06-23,1.1500862836837769,165.6369171142578,438.7956848144531,482.1488037109375,6.688401699066162,4.363097667694092,348.67999267578125,780.817431553629,730.2230392084505,240.0012404234393
2025-06-24,1.1599044799804688,167.363037109375,442.45391845703125,486.2262268066406,6.898115634918213,4.387065410614014,340.4700012207031,778.6877717432544,729.515794603012,242.55543706600602
2025-06-25,1.161224365234375,171.10459899902344,433.9179992675781,488.3691101074219,6.733270645141602,4.2921528816223145,327.54998779296875,776.5266419934463,727.8919897815941,242.83324384133294
2025-06-26,1.1683744192123413,174.03799438476562,426.8453674316406,493.508056640625,6.716688632965088,4.298863887786865,325.7799987792969,776.3373841953438,729.0918095350999,244.85720120492806
2025-06-27,1.1692214012145996,177.86936950683594,438.30792236328125,492.0100402832031,6.86397647857666,4.2998223304748535,323.6300048828125,773.8439307749826,728.174104787946,242.76376133819292
2025-06-30,1.1727453470230103,176.99134826660156,433.7229309082031,493.4683837890625,6.854221820831299,4.273937225341797,317.6600036621094,773.9193604090334,726.5535843636235,246.54537979043582
2025-07-01,1.178717017173767,176.51243591308594,457.5747375488281,488.15081787109375,6.793746471405029,4.361179828643799,300.7099914550781,776.1103418104707,728.7386956978697,247.67751004067398
2025-07-02,1.180553913116455,179.3560028076172,476.5489196777344,487.198486328125,6.944935321807861,4.366931915283203,315.6499938964844,772.2617750552522,724.8668349331645,244.71705991667267
2025-07-03,1.18002450466156,180.1442413330078,474.01251220703125,494.8870849609375,7.069787979125977,4.354468822479248,315.3500061035156,775.1651177452947,727.8919897815941,240.75767986271487
2025-07-07,1.178078293800354,177.1609649658203,463.7206115722656,493.7759094238281,7.119533538818359,4.359262466430664,293.94000244140625,773.0900790525033,725.5691231459497,236.9999568392507
2025-07-08,1.1736538410186768,174.76637268066406,470.8420104980469,492.68463134765625,7.193665027618408,4.31132698059082,297.80999755859375,770.3828941255986,722.694488975064,234.97588551178876
2025-07-09,1.1724566221237183,177.2607421875,475.9148254394531,499.5200500488281,7.364362716674805,4.331459999084473,295.8800048828125,771.2089815217855,723.4645006114459,239.79536528879208
2025-07-10,1.17311692237854,178.2983856201172,492.6452331542969,497.5061340332031,7.160501480102539,4.3046159744262695,309.8699951171875,768.958307556071,721.2967764188686,240.68881095169357
2025-07-11,1.1702749729156494,180.90252685546875,475.76849365234375,499.3315734863281,7.03467321395874,4.2950286865234375,313.510009765625,767.1629701752807,720.4595763497626,234.23820894812977
2025-07-14,1.1682106256484985,182.399169921875,467.81787109375,499.0339050292969,7.053205966949463,4.323790550231934,316.8999938964844,763.734780824244,719.6930818796652,233.1694941054399
2025-07-15,1.1666297912597656,182.6885223388672,465.67169189453125,501.811767578125,6.9683451652526855,4.3046159744262695,310.7799987792969,764.9997533577441,721.2967764188686,230.1906635615192
2025-07-16,1.1607391834259033,183.3570098876953,463.9645080566406,501.6133117675781,6.995656490325928,4.2998223304748535,321.6700134277344,766.7148566138712,722.9743888501728,230.38802340160325
2025-07-17,1.1635754108428955,184.284912109375,465.1839294433594,507.6451416015625,7.110755443572998,4.2950286865234375,319.4100036621094,767.9852601395207,723.3244313965538,230.4538488641529
2025-07-18,1.161548137664795,185.52212524414062,461.1842346191406,506.0082092285156,7.075640678405762,4.317079067230225,329.6499938964844,766.7895222082793,722.2049509735001,231.4435662580996
2025-07-21,1.1630746126174927,190.7204132080078,457.3308410644531,506.01812744140625,7.104902744293213,4.361179828643799,328.489990234375,772.2617750552522,728.6680955074871,235.5812244371848
2025-07-22,1.1694538593292236,191.6782684326172,454.1603698730469,501.26611328125,7.05027961730957,4.372684478759766,332.1099853515625,774.5230887197991,729.515794603012,237.88264144015506
2025-07-23,1.1739156246185303,191.07958984375,468.2080993652344,501.861328125,7.2014689445495605,4.365973472595215,332.55999755859375,773.617690389853,729.7986019863,234.7744632349406
2025-07-24,1.1774264574050903,192.76580810546875,458.7453918457031,506.8316345214844,7.390698432922363,4.431166172027588,305.29998779296875,766.5655494165719,722.7644527671383,234.7744632349406
2025-07-25,1.1756131649017334,193.6438446044922,476.7440490722656,509.6392517089844,7.406305313110352,4.438835620880127,316.05999755859375,764.9252794452568,721.7157777102154,236.12065627499837
2025-07-28,1.1756821870803833,192.98532104492188,477.2318115234375,508.4388427734375,7.366313457489014,4.367891311645508,325.5899963378906,767.0135669857482,724.586129040757,233.70322026597898
2025-07-29,1.1596757173538208,195.98854064941406,463.18408203125,508.5082702636719,7.527256011962891,4.381313323974609,321.20001220703125,766.8641958011053,724.586129040757,240.2760247542288
2025-07-30,1.1550945043563843,196.9962921142578,468.988525390625,509.1729736328125,7.50482177734375,4.387065410614014,319.0400085449219,765.7449313175167,723.4645006114459,237.20335243862434
2025-07-31,1.1429355144500732,192.42657470703125,460.7940368652344,529.2723999023438,7.350706100463867,4.337212562561035,308.2699890136719,766.640199016948,724.8668349331645,239.11043183490975
2025-08-01,1.142374038696289,189.5231170654297,450.35577392578125,519.9568481445312,7.018091678619385,4.362138748168945,302.6300048828125,767.8356807893206,725.3583581263875,244.50700336910143
2025-08-04,1.158668041229248,195.31008911132812,450.9898986816406,531.3953857421875,7.296083450317383,4.397611141204834,309.260009765625,771.4945835762055,729.65718322285,245.34834912766402
2025-08-05,1.1584129333496094,194.88107299804688,445.331787109375,523.5679931640625,7.3068132400512695,4.387065410614014,308.7200012207031,771.9532933454373,729.7278888361843,247.18154349402644
2025-08-06,1.1579166650772095,196.47744750976562,446.50244140625,520.7802124023438,7.420936584472656,4.463762283325195,319.9100036621094,770.3678833671794,727.4690426755511,244.2272177584395
2025-08-07,1.1663167476654053,196.83663940429688,449.8192443847656,516.7127075195312,7.5838303565979,4.437877178192139,322.2699890136719,770.8408768471879,729.5864851454173,243.87795090437436
2025-08-08,1.1676650047302246,201.63583374023438,450.0631408691406,517.9031982421875,7.75940465927124,4.459927082061768,329.6499938964844,767.0583845817541,725.7799555329063,241.24033274330645
2025-08-11,1.1647952795028687,201.17686462402344,446.79510498046875,517.6353759765625,7.803297996520996,4.5030694007873535,339.0299987792969,766.3714978727384,725.5691231459497,242.13934252529424
2025-08-12,1.1618449687957764,203.70118713378906,445.96588134765625,525.0460815429688,7.817929744720459,4.497316837310791,340.8399963378906,762.9100698879327,722.694488975064,239.11043183490975
2025-08-13,1.1677058935165405,202.57373046875,458.1112976074219,516.454833984375,7.935953617095947,4.539500713348389,339.3800048828125,767.6038961248188,727.5395150828183,243.04181467579986
2025-08-14,1.171289324760437,203.36195373535156,461.3305358886719,518.3396606445312,8.015937805175781,4.580724716186523,335.5799865722656,765.6554678181127,725.2178855280788,239.24725661526398
2025-08-15,1.1651345491409302,204.44949340820312,464.4522705078125,516.0479736328125,8.041298866271973,4.613320827484131,330.55999755859375,760.2716531530884,719.3449718744962,236.39085067043624
2025-08-18,1.1706587076187134,203.8308868408203,464.2084045410156,513.0023193359375,8.001307487487793,4.640165328979492,335.1600036621094,760.4788049880126,720.5293021803302,235.2447263568247
2025-08-19,1.1668338775634766,202.0349578857422,477.9146423339844,505.7304382324219,8.037397384643555,4.651669979095459,329.30999755859375,762.0789219009607,720.8780426941801,237.9506808079968
2025-08-20,1.164252758026123,199.7401123046875,481.4753723144531,501.7125549316406,7.973019599914551,4.68330717086792,323.8999938964844,764.8954921133399,723.1143835031966,237.81462217572908
2025-08-21,1.165175199508667,200.16912841796875,473.134521484375,501.066650390625,8.05397891998291,4.458010196685791,320.1099853515625,762.1234224267974,719.6930818796652,236.45844917649995
2025-08-22,1.16130530834198,206.25543212890625,482.9874572753906,504.0378112792969,8.111528396606445,4.458010196685791,340.010009765625,764.6944609940908,723.1143835031966,239.24725661526398
2025-08-25,1.1709601879119873,208.68995666503906,476.1098937988281,501.0865173339844,8.080315589904785,4.433083534240723,346.6000061035156,761.7971516032085,718.232263919289,238.8370247942542
2025-08-26,1.1618449687957764,207.482666015625,474.3539733886719,498.8804626464844,7.948635101318359,4.431166172027588,351.6700134277344,764.4860456635378,721.5062436070551,237.54274602959956
2025-08-27,1.1639411449432373,207.74208068847656,489.7186279296875,503.5509033203125,7.864748954772949,4.419661521911621,349.6000061035156,766.5655494165719,721.0175908842886,237.20335243862434
2025-08-28,1.1647952795028687,211.89273071289062,500.54705810546875,506.4326477050781,8.032519340515137,4.380353927612305,345.9800109863281,766.2894154097386,723.3944622748236,240.0012404234393
2025-08-29,1.1681560277938843,213.05010986328125,491.7672424316406,503.5011901855469,7.95936393737793,4.388982772827148,333.8699951171875,764.4637191557719,720.66877611108,236.86445990247992
2025-09-02,1.1715912818908691,211.51358032226562,500.44952392578125,501.9410705566406,7.852068901062012,4.392817497253418,329.3599853515625,759.4436662956357,715.5971628645343,233.3028074524873
2025-09-03,1.163602590560913,230.58065795898438,508.0586853027344,502.1696472167969,7.885232448577881,4.321872711181641,334.0899963378906,763.0957300878072,719.6234450569106,238.63218152467718
2025-09-04,1.16604483127594,232.1371307373047,486.88958740234375,504.77313232421875,7.984724998474121,4.331459999084473,338.5299987792969,764.4116267602019,722.1350467547466,239.93259509236026
2025-09-05,1.1656913757324219,234.64149475097656,484.10931396484375,491.884765625,7.890109539031982,4.365973472595215,350.8399963378906,769.2429928854054,726.1314926136281,246.82791008516304
2025-09-08,1.1713168621063232,233.84259033203125,484.0117492675781,495.06463623046875,8.08519172668457,4.363097667694092,346.3999938964844,770.7057032641058,728.1035647622526,252.83896616030762
2025-09-09,1.1769136190414429,239.61474609375,479.9632873535156,495.2733154296875,8.118355751037598,4.392817497253418,346.9700012207031,768.7785660089577,726.4832170000689,250.8905172121916
2025-09-10,1.1702749729156494,239.23526000976562,477.768310546875,497.2209777832031,8.266619682312012,4.3506340980529785,347.7900085449219,769.5652766408775,727.4690426755511,253.7826784603741
2025-09-11,1.1703435182571411,240.45361328125,475.4270324707031,497.8569641113281,8.3309965133667,4.386106491088867,368.80999755859375,769.8202108074112,727.5395150828183,255.68103826859465
2025-09-12,1.1734747886657715,241.0528106689453,478.64630126953125,506.6910095214844,8.28125,4.384189128875732,395.94000244140625,765.1263773144362,723.8148042001735,253.63725537626007
2025-09-15,1.1726491451263428,251.41873168945312,491.86480712890625,512.1166381835938,8.398299217224121,4.36405611038208,410.0400085449219,766.4237372030038,726.2721598854233,255.38803051180963
2025-09-16,1.1763737201690674,251.0791778564453,495.2792053222656,505.8364562988281,8.196389198303223,4.346799373626709,421.6199951171875,766.5282276147976,726.2721598854233,256.0477865286854
2025-09-17,1.1871408224105835,249.51132202148438,498.79107666015625,506.81024169921875,8.184683799743652,4.356386661529541,425.8599853515625,767.8880299162672,727.2576705030154,254.00097465178382
2025-09-18,1.1826341152191162,251.98794555664062,504.9369812011719,505.2501525878906,8.321242332458496,4.340088367462158,416.8500061035156,764.9252794452568,723.7447285587903,250.67498274492658
2025-09-19,1.1791062355041504,254.89401245117188,498.1082458496094,514.6705322265625,8.441217422485352,4.320914268493652,426.07000732421875,762.5092134080529,722.8344240097696,248.10344265531376
2025-09-22,1.1736950874328613,252.53721618652344,494.5963134765625,511.21240234375,8.340750694274902,4.216414451599121,434.2099914550781,762.5388985339715,722.9743888501728,247.74844630346595
2025-09-23,1.1801080703735352,251.99794006347656,510.4000244140625,506.0252380371094,8.473406791687012,4.196281433105469,425.8500061035156,762.2495227734534,723.0443824496733,249.45722957943562
2025-09-24,1.1814465522766113,247.4940643310547,496.6449279785156,506.9394226074219,8.523151397705078,4.177107334136963,442.7900085449219,762.5908505632848,722.8344240097696,247.96138108133155
2025-09-25,1.1744670867919922,246.2357635498047,494.40118408203125,503.83905029296875,8.494865417480469,4.1713547706604,423.3900146484375,760.7600389353976,719.9020368268597,248.3166927278132
2025-09-26,1.166275978088379,246.8449249267578,503.0834655761719,508.2411804199219,8.63239860534668,4.185735702514648,440.3999938964844,762.7615775032006,722.1350467547466,247.4648271520263
2025-09-29,1.170823097229004,244.0287628173828,510.30242919921875,511.3613586425781,8.531930923461914,4.16464376449585,443.2099914550781,765.6554678181127,725.4988606553222,251.8267150824956
2025-09-30,1.1731443405151367,243.2198486328125,507.7660217285156,514.6903686523438,8.655807495117188,4.216414451599121,444.7200012207031,765.2232229550525,725.709670583871,249.7432086983889
2025-10-01,1.1735849380493164,245.2071533203125,511.1803894042969,516.439208984375,8.604111671447754,4.18861198425293,459.4599914550781,765.1189282082324,726.3425047618407,251.03431323669497
2025-10-02,1.1734058856964111,246.095947265625,529.6181030273438,512.4942626953125,8.449020385742188,4.161767959594727,436.0,766.2819538471965,726.8351288011053,252.33231611160681
2025-10-03,1.1725116968154907,246.1159210205078,539.5684204101562,514.0940551757812,8.531930923461914,4.13588285446167,429.8299865722656,766.1178196895272,727.3281203865216,251.10624318235554
2025-10-06,1.171248197555542,251.16905212402344,527.17919921875,525.2435302734375,8.47925853729248,4.14642858505249,453.25,764.8210293657154,725.7799555329063,247.96138108133155
2025-10-07,1.171028733253479,246.7949981689453,546.2996826171875,520.682373046875,8.385619163513184,4.145469665527344,433.0899963378906,765.3200820798679,725.8502479698178,250.24448761734322
2025-10-08,1.1654603481292725,245.1272735595703,561.4204711914062,521.5468139648438,8.546562194824219,4.174231052398682,438.69000244140625,767.8431589956738,728.6680955074871,250.38790104536528
2025-10-09,1.1631964445114136,241.88168334960938,545.5192260742188,519.1123046875,8.4343900680542,4.194364070892334,435.5400085449219,765.8194930174981,726.5535843636235,249.7432086983889
2025-10-10,1.156644344329834,237.16807556152344,532.6422119140625,507.74432373046875,8.310513496398926,4.2029924392700195,413.489990234375,771.0587113661761,730.2230392084505,256.93020192382687
2025-10-13,1.160240888595581,244.30838012695312,527.17919921875,510.81488037109375,8.409029960632324,4.159850597381592,435.8999938964844,771.3517680087122,731.3561998691305,256.6357148292161
2025-10-14,1.1566845178604126,245.85629272460938,519.76513671875,510.3379211425781,8.312463760375977,4.208744525909424,429.239990234375,773.0825446159148,734.4823777263002,257.667948339402
2025-10-15,1.1602274179458618,251.36880493164062,583.2724609375,510.19879150390625,8.274422645568848,4.2950286865234375,435.1499938964844,776.7916881788831,737.408641167125,256.562147567805
2025-10-16,1.1646324396133423,251.53857421875,587.46728515625,508.3902587890625,8.368062973022461,4.272019863128662,428.75,775.9287604904953,737.9811133731743,260.7156690703906
2025-10-17,1.1699601411819458,253.4459686279297,590.881591796875,510.3478698730469,8.087143898010254,4.31132698059082,439.30999755859375,775.2482466279351,736.4794154084034,259.2243495908409
2025-10-20,1.165745735168457,256.6716003417969,597.125,513.5376586914062,8.232479095458984,4.3918585777282715,447.42999267578125,774.8327002529121,736.1223639163459,261.0149953001217
2025-10-21,1.164442539215088,250.99929809570312,601.7100219726562,514.4021606445312,8.159322738647461,4.387065410614014,442.6000061035156,777.3372390192558,738.1243077987493,263.3468477291685
2025-10-22,1.160038948059082,252.18768310546875,607.9534912109375,517.2640380859375,8.182733535766602,4.432124614715576,438.9700012207031,776.7008039922563,737.408641167125,264.02786133780415
2025-10-23,1.1608469486236572,253.3860626220703,605.6121826171875,517.2838745117188,8.187610626220703,4.381313323974609,448.9800109863281,775.2860357253711,735.6941534474715,261.6147135651695
2025-10-24,1.1618045568466187,260.1568603515625,597.5152587890625,520.3146362304688,8.165176391601562,4.367891311645508,433.7200012207031,771.7953430133161,732.562302882723,260.4914071865958
2025-10-27,1.1631693840026855,269.5640869140625,596.5397338867188,528.1749877929688,8.30173397064209,4.380353927612305,452.4200134277344,772.3596146410508,733.9840495430378,261.7648654915474
2025-10-28,1.165175199508667,268.0661315917969,599.5639038085938,538.6585083007812,8.395374298095703,4.377478122711182,460.54998779296875,772.0209972295911,733.5572071045976,263.4224261892433
2025-10-29,1.1657865047454834,274.7969970703125,603.6611328125,538.1417846679688,8.759202003479004,4.313244342803955,461.510009765625,772.2166229216406,734.6960608661934,259.52190670758074
2025-10-30,1.1603351831436157,281.5178527832031,595.1740112304688,522.4512329101562,8.645574569702148,4.283524036407471,440.1000061035156,770.7958160887351,733.3438882848643,255.90102203627973
2025-10-31,1.157246708869934,281.43798828125,597.125,514.5512084960938,8.720667839050293,4.205868721008301,456.55999755859375,770.8408768471879,733.9840495430378,254.36523291740525
2025-11-03,1.1528042554855347,283.73486328125,601.7100219726562,513.776123046875,8.741416931152344,4.114790916442871,468.3699951171875,768.9208575887073,732.2073397382393,252.83896616030762
2025-11-04,1.1519144773483276,277.6830749511719,596.2470703125,511.0931701660156,8.700905799865723,3.5750362873077393,444.260009765625,769.722725011396,732.8464096876332,254.21946487960378
2025-11-05,1.1485539674758911,284.364013671875,597.8079223632812,503.96826171875,8.771059036254883,3.4762890338897705,462.07000732421875,768.1872431086225,731.0018795152222,249.52869262032164
2025-11-06,1.1496764421463013,284.9532165527344,585.3211059570312,493.9715576171875,8.836271286010742,3.491628408432007,445.9100036621094,769.2879537977062,732.2073397382393,253.05642358053785
2025-11-07,1.1549211740493774,279.32086181640625,588.4428100585938,493.6933288574219,8.743392944335938,3.504091501235962,429.5199890136719,768.5389824995304,731.0727284773461,252.04327293035976
2025-11-10,1.1543878316879272,290.19610595703125,602.783203125,502.8155517578125,9.06451416015625,3.4446513652801514,445.2300109863281,768.6737381160092,731.5688827580278,251.97106560738496
2025-11-11,1.1557220220565796,291.3445129394531,617.4161987304688,505.47869873046875,9.197903633117676,3.521348476409912,439.6199951171875,769.3029414108375,732.4912951135034,254.0737831593345
2025-11-12,1.1587486267089844,287.04034423828125,631.3663330078125,507.9232177734375,9.449860572814941,3.492587089538574,430.6000061035156,770.120252297314,734.0552165077554,254.8761015627817
2025-11-13,1.159218668937683,278.74163818359375,621.2207641601562,500.12261962890625,9.436027526855469,3.5616142749786377,401.989990234375,767.0583845817541,730.7185591836666,251.97106560738496
2025-11-14,1.1631964445114136,276.60455322265625,621.4158935546875,506.96923828125,9.180118560791016,3.5779125690460205,404.3500061035156,764.8805989258672,728.2446523311658,248.81501311741187
2025-11-17,1.1615345478057861,285.2128601074219,608.7339477539062,504.296142578125,8.991397857666016,3.5759949684143066,408.9200134277344,765.148725111709,729.0211717133603,249.52869262032164
2025-11-18,1.159057378768921,284.5736999511719,596.3446044921875,490.6824035644531,8.668299674987793,3.482041120529175,401.25,765.4095024727688,728.8093034127721,249.17158883591134
2025-11-19,1.1581177711486816,292.59283447265625,594.6862182617188,484.0543518066406,8.813546180725098,3.470536708831787,403.989990234375,765.3498876006169,729.4451115947592,248.3878181674219
2025-11-20,1.154068112373352,289.5869445800781,604.4415893554688,476.308837890625,8.815522193908691,3.4667017459869385,395.2300109863281,764.6721277908889,727.8919897815941,249.81475639776886
2025-11-21,1.1534557342529297,299.2438049316406,607.7584228515625,470.0268249511719,8.699918746948242,3.5223071575164795,391.0899963378906,766.2670309618717,729.0211717133603,251.03431323669497
2025-11-24,1.1507612466812134,318.0382995605469,606.4901733398438,471.89849853515625,8.722643852233887,3.504091501235962,417.7799987792969,766.3416485853951,729.9400509003759,253.7826784603741
2025-11-25,1.1520073413848877,323.2012939453125,604.14892578125,474.8752136230469,8.92816162109375,3.574077606201172,419.3999938964844,768.1498344468804,732.2073397382393,255.16850241210014
2025-11-26,1.156483769416809,319.8458557128906,610.0996704101562,483.3475341796875,9.103049278259277,3.5855822563171387,426.5799865722656,768.0525813041347,733.2017136479361,256.1946380009515
2025-11-28,1.1599851846694946,319.68603515625,619.9525756835938,489.82867431640625,9.132691383361816,3.5807883739471436,430.1700134277344,766.7671216901659,732.2073397382393,254.21946487960378
2025-12-01,1.1601465940475464,314.6928405761719,626.9764404296875,484.5820007324219,9.184070587158203,3.516554832458496,430.1400146484375,762.4572674964326,727.8214798172688,249.02889522576737
2025-12-02,1.1607661247253418,315.59161376953125,625.9924926757812,487.82757568359375,9.31844711303711,3.482041120529175,429.239990234375,762.2866154783943,727.9625072599512,249.17158883591134
2025-12-03,1.1627906560897827,320.1853942871094,620.1871337890625,475.6119689941406,9.204819679260254,3.482999801635742,446.739990234375,762.6873432333363,728.3857699736791,250.31618371828137
2025-12-04,1.1666841506958008,317.9584045410156,622.9421997070312,478.70819091796875,9.368839263916016,3.4954631328582764,454.5299987792969,760.8710838268069,726.4832170000689,247.5357004713636
2025-12-05,1.1642799377441406,321.65338134765625,618.0223999023438,481.01788330078125,9.347101211547852,3.51847243309021,455.0,758.6904697914152,725.1476604507377,245.55915262427868
2025-12-08,1.164022445678711,314.2286376953125,615.1690063476562,488.8430480957031,9.37674331665039,3.482041120529175,439.5799865722656,753.8000198279608,720.4595763497626,243.87795090437436
2025-12-09,1.1641442775726318,317.52630615234375,606.4117431640625,489.8385925292969,9.410337448120117,3.4887521266937256,445.1700134277344,754.8780737822309,721.9952606446964,244.3670691868204
2025-12-10,1.1628313064575195,320.7740173339844,608.8716430664062,476.43829345703125,9.486417770385742,3.4973807334899902,451.45001220703125,754.555213227204,721.4364137771468,245.2781228581235
2025-12-11,1.1701242923736572,313.4791564941406,615.1690063476562,481.3265075683594,9.66130542755127,3.5203895568847656,446.8900146484375,755.3406159838129,723.1843920116073,245.69979225882977
2025-12-12,1.1739431619644165,310.3013916015625,614.480224609375,476.4084167480469,9.517048835754395,3.5606555938720703,458.9599914550781,754.2031749390916,722.1350467547466,240.9644087967684
2025-12-15,1.1737639904022217,309.10223388671875,616.0545043945312,472.7148742675781,9.755172729492188,3.482999801635742,475.30999755859375,754.9588126628348,722.6245326326828,241.37841712908107
2025-12-16,1.1754610538482666,307.51336669921875,626.2876586914062,474.2779235839844,9.699840545654297,3.4579999446868896,489.8800048828125,755.2671757760369,723.9549778744702,243.3898441933984
2025-12-17,1.1749500036239624,297.85015869140625,621.564697265625,474.00909423828125,9.753196716308594,3.490000009536743,467.260009765625,753.9759128990175,722.9044027038263,243.04181467579986
2025-12-18,1.1742326021194458,303.5361633300781,627.1732788085938,481.8342590332031,9.875716209411621,3.4800000190734863,483.3699951171875,755.0836096176257,724.3055427179271,244.9974254241421
2025-12-19,1.1725666522979736,308.3927307128906,621.564697265625,483.7656555175781,9.851015090942383,3.4200000762939453,481.20001220703125,751.9047096277274,720.8780426941801,243.04181467579986
2025-12-22,1.1708093881607056,311.1108093261719,617.62890625,482.7701110839844,9.820384979248047,3.4189999103546143,488.7300109863281,751.035649486392,719.9020368268597,242.0008083106756
2025-12-23,1.1765950918197632,315.457763671875,617.2352905273438,484.6915283203125,9.8826322555542,3.436000108718872,485.55999755859375,753.9392647864432,723.3944622748236,242.83324384133294
2025-12-24,1.179551362991333,315.4477844238281,621.958251953125,485.8563232421875,9.86978816986084,3.444999933242798,485.3999938964844,753.770708704677,723.3244313965538,245.34834912766402
2025-12-29,1.1772738695144653,314.168701171875,623.0406494140625,484.9404296875,9.847062110900879,3.4739999771118164,459.6400146484375,756.8037108739601,725.9908553107484,244.71705991667267
2025-12-30,1.1772878170013428,314.32855224609375,629.042724609375,485.3187255859375,10.00515365600586,3.505000114440918,454.42999267578125,754.7753289434723,723.4645006114459,244.08744903344547
2025-12-31,1.1747292280197144,313.5790710449219,634.6513061523438,481.4758605957031,9.949820518493652,3.493000030517578,449.7200012207031,754.1151935990869,723.3244313965538,242.9027468944655
2026-01-02,1.175046682357788,315.0980224609375,631.5026245117188,470.84320068359375,10.12964916229248,3.4809999465942383,438.07000732421875,751.4298759011532,720.1110585105321,240.551134192867
2026-01-05,1.1704667806625366,317.09661865234375,632.486572265625,470.7536315917969,10.202766418457031,3.4609999656677246,451.6700134277344,753.331192268785,722.7644527671383,241.24033274330645
2026-01-06,1.1714951992034912,314.32855224609375,634.0609741210938,476.3885192871094,10.186957359313965,3.421999931335449,432.9599914550781,755.2671757760369,724.586129040757,240.4135388102624
2026-01-07,1.1688251495361328,322.2030029296875,619.2031860351562,481.3265075683594,10.009105682373047,3.4860000610351562,431.4100036621094,758.1371730607054,726.2721598854233,243.94776296135194
2026-01-08,1.1676785945892334,325.7804870605469,624.3197631835938,475.9902648925781,10.090126037597656,3.4539999961853027,435.79998779296875,756.5682291405412,725.6393931218431,240.9644087967684
2026-01-09,1.1657865047454834,328.9082946777344,641.6373291015625,477.15509033203125,10.12964916229248,3.4179999828338623,445.010009765625,756.8110709771139,726.2018225029761,243.66863857408515
2026-01-12,1.1623716354370117,332.4957580566406,637.8983154296875,475.06439208984375,10.21462345123291,3.437000036239624,448.9599914550781,758.5945332101497,727.7509773661029,242.2086403605184
2026-01-13,1.1666978597640991,336.1931457519531,636.2255859375,468.5832824707031,10.358880996704102,3.3540000915527344,447.20001220703125,757.7095946022007,726.6239592246314,243.04181467579986
2026-01-14,1.164252758026123,336.0732421875,627.6652221679688,457.34332275390625,10.364808082580566,3.4070000648498535,439.20001220703125,760.0571684712817,728.6680955074871,245.34834912766402
2026-01-15,1.1646324396133423,332.92547607421875,615.6609497070312,454.6353759765625,10.414212226867676,3.377000093460083,438.57000732421875,757.3927680100564,728.950541419644,245.98132128498028
2026-01-16,1.1609008312225342,330.1074523925781,599.4257202148438,457.8211669921875,10.410260200500488,3.3369998931884766,437.5,755.8843177256025,728.3152073927844,242.2086403605184
2026-01-20,1.1639139652252197,321.9331970214844,560.8546142578125,452.5048828125,10.204742431640625,3.2909998893737793,419.25,754.261835438568,725.9908553107484,236.66136456942883
2026-01-21,1.1727865934371948,328.1488342285156,575.810791015625,442.1410217285156,10.200790405273438,3.2360000610351562,431.44000244140625,752.9578249413676,724.375678092026,240.13859197515117
2026-01-22,1.1672970056533813,330.6070861816406,586.142333984375,449.1398620605469,10.50511360168457,3.306999921798706,449.3599853515625,752.5773462546342,725.2881180863395,241.58569686352885
2026-01-23,1.1754610538482666,328.19879150390625,581.9113159179688,463.8841857910156,10.352952003479004,3.369999885559082,449.05999755859375,751.1378344843241,724.8668349331645,242.76376133819292
2026-01-26,1.1858457326889038,333.35516357421875,578.5658569335938,468.19500732421875,10.526851654052734,3.384000062942505,435.20001220703125,753.6095199352486,727.6099949997493,244.64702035583406
2026-01-27,1.1876484155654907,334.76416015625,579.844970703125,478.4493103027344,10.659252166748047,3.3469998836517334,430.8999938964844,753.4556932974735,727.3985777770765,242.6248579567969
2026-01-28,1.2017642259597778,336.04327392578125,534.091064453125,479.49468994140625,10.471519470214844,3.381999969482422,431.4599914550781,754.7386380862598,728.4563400747224,240.8954787790371
2026-01-29,1.1977769136428833,338.4216003417969,533.697509765625,431.57806396484375,10.499186515808105,3.3959999084472656,416.55999755859375,756.4284499965347,729.7278888361843,241.24033274330645
2026-01-30,1.19657301902771,338.29168701171875,538.1253051757812,428.38232421875,10.651347160339355,3.4149999618530273,430.4100036621094,755.4140640469129,728.8799186530724,240.0012404234393
2026-02-02,1.1849182844161987,344.6571960449219,529.6632080078125,421.49298095703125,10.916150093078613,3.450000047683716,421.80999755859375,753.8220039932115,727.6099949997493,237.4748271903268
2026-02-03,1.1798714399337769,340.4601745605469,520.512451171875,409.3868713378906,10.953696250915527,3.4660000801086426,421.9599914550781,752.167836475504,725.9908553107484,237.67864393260515
2026-02-04,1.1816140413284302,333.1053161621094,527.49853515625,412.3536682128906,10.57230281829834,3.6589999198913574,406.010009765625,754.1371878756214,727.5395150828183,237.0677353403715
2026-02-05,1.180163860321045,331.09674072265625,529.5648803710938,391.9246520996094,10.341094970703125,3.628000020980835,397.2099914550781,755.5022120929493,728.3152073927844,240.61996239714898
2026-02-06,1.177786946296692,322.87255859375,527.596923828125,399.3615417480469,10.532779693603516,3.61899995803833,411.1099853515625,755.1937434226699,728.174104787946,241.1713211628847
2026-02-09,1.182578206062317,324.171630859375,526.809814453125,411.76629638671875,10.694823265075684,3.6110000610351562,417.32000732421875,755.7961206383155,728.8799186530724,241.58569686352885
2026-02-10,1.1904053688049316,318.40570068359375,529.0728759765625,411.437744140625,10.643444061279297,3.6050000190734863,425.2099914550781,758.4027000780554,731.4270866072914,245.84051512878082
2026-02-11,1.1889617443084717,311.1108093261719,516.6749877929688,402.57720947265625,10.325285911560059,3.640000104904175,428.2699890136719,758.993126440198,732.3493022873107,244.0175956689394
2026-02-12,1.1876062154769897,309.1521911621094,516.0846557617188,400.05841064453125,10.175100326538086,3.7060000896453857,417.07000732421875,760.3974165064071,733.1306376996934,249.88632527794329
2026-02-13,1.1868449449539185,305.8045654296875,505.9499206542969,399.5407409667969,9.914251327514648,3.6710000038146973,417.44000244140625,761.8564621410263,734.1975732094077,252.18775173003718
2026-02-17,1.1849884986877441,302.6068115234375,519.2333374023438,395.1004943847656,10.289715766906738,3.6630001068115234,410.6300048828125,762.99175425361,731.7816336833479,253.34666747546106
2026-02-18,1.185185194015503,303.7260437011719,525.3338623046875,397.828369140625,10.592063903808594,3.563999891281128,411.32000732421875,762.9323464881702,731.8525657817636,251.61034949985765
2026-02-19,1.1788839101791382,303.3462829589844,522.9723510742188,397.5988464355469,10.457686424255371,3.5940001010894775,411.7099914550781,762.7615775032006,732.2073397382393,251.8267150824956
2026-02-20,1.1769136190414429,314.6783142089844,545.8001098632812,396.37152099609375,10.627634048461914,3.5789999961853027,411.82000732421875,763.25172306425,733.272797176033,250.31618371828137
2026-02-23,1.1834739446640015,311.4705810546875,549.0471801757812,383.6390686035156,10.797581672668457,3.6489999294281006,399.8299865722656,764.9774103465586,734.8385542832964,252.4769661273961
2026-02-24,1.1793843507766724,310.7011413574219,552.7861938476562,388.1593017578125,10.52487564086914,3.6519999504089355,409.3800048828125,765.5511082666482,735.4088320290683,252.91143050389496
2026-02-25,1.1775233745574951,312.80963134765625,544.1273803710938,399.7342224121094,11.03076457977295,3.684000015258789,417.3999938964844,765.4467643617064,736.050976469783,252.54932326448687
2026-02-26,1.181516408920288,306.93377685546875,542.7498168945312,400.851806640625,10.96555233001709,3.6489999294281006,408.5799865722656,766.2371861502414,736.9081286862712,254.36523291740525
2026-02-27,1.1803030967712402,311.21075439453125,535.3701782226562,391.8912048339844,10.66122817993164,3.8499999046325684,402.510009765625,769.6552427998449,739.4861802199943,257.0038782430726
2026-03-02,1.1759449243545532,306.1443176269531,512.1488647460938,397.6886291503906,10.145458221435547,3.7239999771118164,403.32000732421875,765.5138407902894,733.9840495430378,252.18775173003718
2026-03-03,1.1697274446487427,303.3462829589844,494.1424560546875,403.0570068359375,9.494322776794434,3.562999963760376,392.42999267578125,760.5306026473271,728.8799186530724,251.8988796602753
2026-03-04,1.161224365234375,303.23638916015625,499.2590026855469,404.32427978515625,9.862872123718262,3.6029999256134033,405.94000244140625,762.7021894515119,730.1522808192499,250.8905172121916
2026-03-05,1.1635618209838867,300.6981506347656,497.6846923828125,409.79241943359375,9.585225105285645,3.568000078201294,405.54998779296875,754.7606523651453,722.4846422935397,248.3166927278132
2026-03-06,1.1608065366744995,298.0899963378906,494.1424560546875,408.0761413574219,9.467644691467285,3.6710000038146973,396.7300109863281,753.9685831197411,718.5797816403723,248.10344265531376
2026-03-09,1.152325987815857,306.010009765625,489.71466064453125,408.5251770019531,9.355993270874023,3.5829999446868896,398.67999267578125,753.9246060900699,719.6234450569106,249.31436693658551
2026-03-10,1.1617234945297241,306.92999267578125,496.4055480957031,404.8830871582031,9.892513275146484,3.615000009536743,399.239990234375,754.7753289434723,722.2049509735001,246.96930067165232
2026-03-11,1.1611299514770508,308.4200134277344,492.2729187011719,404.0049743652344,9.735410690307617,3.5139999389648438,407.82000732421875,749.0388182011203,716.636061783708,241.1023299824719
2026-03-12,1.1543211936950684,303.2099914550781,487.0579833984375,400.9914855957031,9.531869888305664,3.5490000247955322,395.010009765625,748.6023357543751,712.6970489991775,239.11043183490975
2026-03-13,1.1521666049957275,301.4599914550781,466.0997314453125,394.69512939453125,9.422194480895996,3.5889999866485596,391.20001220703125,745.7720104393851,709.2613775794259,237.54274602959956
2026-03-16,1.1435105800628662,304.4200134277344,471.314697265625,399.08563232421875,9.395516395568848,3.563999891281128,395.55999755859375,747.8028444115054,712.903770660245,240.9644087967684
2026-03-17,1.1499539613723755,309.4100036621094,464.6729736328125,398.5467834472656,9.479501724243164,3.622999906539917,399.2699890136719,751.1524335895784,716.636061783708,241.30936472996237
2026-03-18,1.153948187828064,306.29998779296875,461.0323486328125,390.9432678222656,9.5625,3.6649999618530273,392.7799987792969,748.2606199238311,712.8348561122749,239.38416230142818
2026-03-19,1.1464471817016602,305.7300109863281,452.8655090332031,388.1792297363281,9.238414764404297,3.631999969482422,380.29998779296875,747.5413967262169,710.9769304799277,241.30936472996237
2026-03-20,1.157755732536316,298.7900085449219,450.6024475097656,381.0447082519531,9.134666442871094,3.578000068664551,367.9599914550781,741.3470812726936,703.6662480714733,234.03744004503852
2026-03-23,1.1560158729553223,299.0199890136719,459.1136474609375,382.1722717285156,9.504203796386719,3.553999900817871,380.8500061035156,742.7515449304237,707.1404128939984,237.27119104797734
2026-03-24,1.1607122421264648,289.20001220703125,453.35748291015625,371.9344177246094,9.361922264099121,3.6760001182556152,383.0299987792969,743.1193488505439,705.843915809111,235.37926594940467
2026-03-25,1.16146719455719,289.5899963378906,454.93182373046875,370.2381286621094,9.589177131652832,3.7239999771118164,385.95001220703125,747.4615299901089,711.3205885106102,238.29117941320723
2026-03-26,1.1561496257781982,280.739990234375,450.9468078613281,365.1790771484375,9.357969284057617,3.6619999408721924,372.1099853515625,739.5507584944663,701.6991190456412,235.6485837170742
2026-03-27,1.1535090208053589,273.760009765625,448.4377136230469,355.9989318847656,9.289793968200684,3.671999931335449,361.8299865722656,737.0153498936995,699.4005296521019,232.5705574538833
2026-03-30,1.149200677871704,273.1400146484375,456.2109680175781,358.1842041015625,9.37674331665039,3.7660000324249268,355.2799987792969,741.2823304357648,704.9583454884423,237.67864393260515
2026-03-31,1.1460003852844238,286.8599853515625,455.6697998046875,369.3699951171875,9.37674331665039,3.7950000762939453,371.75,743.5450974751235,708.5079772842477,238.63218152467718
2026-04-01,1.1574207544326782,294.8999938964844,463.54144287109375,368.57171630859375,9.867812156677246,3.805999994277954,381.260009765625,744.3684906936438,710.7021355501874,237.9506808079968
2026-04-02,1.159057378768921,294.4599914550781,463.4922180175781,372.6528625488281,9.696876525878906,3.8540000915527344,360.5899963378906,744.4190826010324,710.6334550738605,238.76872352314638
2026-04-07,1.1541212797164917,303.92999267578125,459.359619140625,371.48541259765625,9.604986190795898,3.878999948501587,346.6499938964844,738.1243077987493,703.7341882140352,236.66136456942883
2026-04-08,1.1686612367630005,314.739990234375,490.8462219238281,373.52099609375,10.335166931152344,3.9000000953674316,343.25,748.275157527165,717.1214489643613,239.04204976898927
2026-04-09,1.16593599319458,316.3699951171875,476.1852722167969,372.26373291015625,10.224502563476562,3.8420000076293945,345.6199951171875,743.36466276575,713.2484533483174,238.22303943623803
2026-04-10,1.1691256761550903,315.7200012207031,475.5456848144531,370.0684814453125,10.390498161315918,3.8429999351501465,348.95001220703125,740.6279768673566,707.9606027271207,237.13553387145933
2026-04-13,1.1675150394439697,319.2099914550781,474.02056884765625,383.539306640625,10.226479530334473,3.7860000133514404,352.4200134277344,737.608950854457,705.5713023677168,238.08681987847075
2026-04-14,1.176885962486267,330.5799865722656,473.72540283203125,392.2604064941406,10.568350791931152,3.806999921798706,364.20001220703125,741.9517225251687,711.0456474727065,240.20729820817138
2026-04-15,1.179940938949585,334.4700012207031,474.16815185546875,410.3312683105469,10.52487564086914,3.8310000896453857,391.95001220703125,740.6782891927523,709.3299122014926,238.70044243533906
2026-04-16,1.1809163093566895,332.7699890136719,476.2836608886719,419.35174560546875,10.400379180908203,3.8550000190734863,388.8999938964844,741.7933116876819,709.8784514975525,236.05315755291247
2026-04-17,1.1782727241516113,339.3999938964844,491.3873596191406,421.87628173828125,10.910221099853516,3.867000102996826,400.6199951171875,746.6198701096425,716.4281493456194,239.11043183490975
2026-04-20,1.1741223335266113,335.3999938964844,482.6793518066406,417.1664733886719,10.627634048461914,3.881999969482422,392.5,745.7937371960944,714.4217463955074,239.38416230142818
2026-04-21,1.1784392595291138,330.4700012207031,478.2023620605469,423.2433166503906,10.507089614868164,3.9079999923706055,386.4200134277344,743.3141496785668,711.3893420410222,238.22303943623803
2026-04-22,1.174425721168518,337.7300109863281,466.6900939941406,431.984375,10.424093246459961,3.7769999504089355,387.510009765625,744.0577947972735,711.1143717713155,237.9506808079968
2026-04-23,1.1706037521362305,337.75,467.5756530761719,414.8514709472656,10.202766418457031,3.888000011444092,373.7200012207031,743.7905659973327,710.8395184084762,236.86445990247992
2026-04-24,1.16838800907135,342.32000732421875,464.0826110839844,423.7023010253906,10.0762939453125,3.875999927520752,376.29998779296875,743.6028467564745,712.4903932738919,236.9999568392507
2026-04-27,1.1706448793411255,348.5199890136719,459.95001220703125,423.9018859863281,10.153362274169922,3.7980000972747803,378.6700134277344,741.4981907551854,709.2613775794259,235.2447263568247
2026-04-28,1.1723467111587524,347.5,454.75,428.3222961425781,10.242288589477539,3.809999942779541,376.0199890136719,739.6799336546696,706.5942003783496,235.1102662271019
2026-04-29,1.171783447265625,347.30999755859375,448.45001220703125,423.5426330566406,10.348999977111816,3.802999973297119,372.79998779296875,737.1654884155475,703.7341882140352,232.304873894032
2026-04-30,1.168470025062561,381.94000244140625,451.3999938964844,406.8987121582031,10.380000114440918,3.8580000400543213,381.6300048828125,741.9517225251687,708.9873119210928,232.304873894032
2026-05-04,1.1726628541946411,379.6400146484375,444.95001220703125,412.72607421875,9.979000091552734,3.8259999752044678,392.510009765625,738.1386289221999,705.0945074908791,229.7308363697535
2026-05-05,1.1691941022872925,384.2699890136719,450.95001220703125,410.4909362792969,10.17199993133545,3.8610000610351562,389.3699951171875,739.3211750313772,707.8922136214752,232.5705574538833
2026-05-06,1.1715774536132812,395.1400146484375,474.0,413.0653381347656,10.588000297546387,3.9130001068115234,398.7300109863281,744.5058203852124,713.9383688058621,235.17748636213403
2026-05-07,1.1747430562973022,395.29998779296875,478.29998779296875,419.8606262207031,10.579999923706055,3.869999885559082,411.7900085449219,744.296223100963,714.3526704185144,233.43619956289587
2026-05-08,1.1731581687927246,397.04998779296875,472.70001220703125,414.22283935546875,10.465999603271484,3.877000093460083,428.3500061035156,743.7544620953213,714.0764399682756,234.90872491940678
2026-05-11,1.176885962486267,386.7699890136719,452.0,411.7681579589844,10.416000366210938,3.877000093460083,445.0,740.9730511794008,711.1831033766051,232.23850202153966
2026-05-12,1.177994966506958,383.82000732421875,453.04998779296875,406.8887023925781,10.199999809265137,3.8380000591278076,433.45001220703125,737.1511880593137,707.003816235661,229.46850423190185
2026-05-13,1.1735436916351318,399.0400085449219,452.29998779296875,404.3342590332031,10.277999877929688,3.816999912261963,445.2699890136719,736.2080389055515,707.2087221093087,228.35704132564152
2026-05-14,1.1716049909591675,397.1700134277344,460.8500061035156,408.5451354980469,10.246000289916992,4.038000106811523,443.29998779296875,740.6064155930164,711.3893420410222,230.51969376116566
2026-05-15,1.166208028793335,393.32000732421875,455.6000061035156,421.0081481933594,10.182000160217285,3.944000005722046,422.239990234375,733.095102567742,701.4959684420005,223.0734743057402
2026-05-18,1.161440134048462,393.1099853515625,456.25,422.6246643066406,10.185999870300293,4.034999847412109,409.989990234375,732.5338988664531,702.851528887115,221.86736014509086
2026-05-19,1.1655147075653076,384.8999938964844,462.0,416.51788330078125,10.204000473022461,4.104000091552734,404.1099853515625,730.6123452022231,700.413590621149,219.72584053017434
2026-05-20,1.1607122421264648,384.8999938964844,473.79998779296875,420.1499938964844,10.621999740600586,4.078000068664551,417.260009765625,737.3013570207322,707.7554572102474,223.9026123701681
2026-05-21,1.1625338792800903,383.4700012207031,473.54998779296875,419.0899963378906,10.456000328063965,4.052000045776367,417.8500061035156,736.8223640743605,705.9802659769077,224.15837194455312
2026-05-22,1.1621150970458984,379.3800048828125,472.6000061035156,418.57000732421875,10.428000450134277,4.068999767303467,426.010009765625,741.6565322675452,711.2518422894213,226.02168048252753
