"Date","Price","Open","High","Low","Change %"
"04/01/2026","2.734","2.759","2.742","2.638","-0.51%"
"03/31/2026","2.748","2.775","2.803","2.743","-0.76%"
"03/30/2026","2.769","2.824","2.848","2.763","-2.36%"
"03/27/2026","2.836","2.881","2.930","2.829","-0.91%"
"03/26/2026","2.862","2.815","2.872","2.805","4.41%"
"03/25/2026","2.741","2.774","2.779","2.718","-2.39%"
"03/24/2026","2.808","2.728","2.832","2.712","2.59%"
"03/23/2026","2.737","2.899","2.961","2.646","-3.29%"
"03/20/2026","2.830","2.663","2.836","2.659","3.55%"
"03/19/2026","2.733","2.666","2.757","2.641","5.03%"
"03/18/2026","2.602","2.490","2.622","2.488","3.46%"
"03/17/2026","2.515","2.540","2.540","2.500","-1.26%"
"03/16/2026","2.547","2.577","2.585","2.511","-1.77%"
"03/13/2026","2.593","2.587","2.594","2.524","1.65%"
"03/12/2026","2.551","2.548","2.558","2.506","2.16%"
"03/11/2026","2.497","2.371","2.513","2.366","3.61%"
"03/10/2026","2.410","2.371","2.438","2.366","-2.82%"
"03/09/2026","2.480","2.657","2.657","2.480","-0.24%"
"03/06/2026","2.486","2.373","2.536","2.372","4.02%"
"03/05/2026","2.390","2.332","2.404","2.297","5.24%"
"03/04/2026","2.271","2.312","2.327","2.263","-1.65%"
"03/03/2026","2.309","2.274","2.367","2.272","4.20%"
"03/02/2026","2.216","2.145","2.218","2.140","4.38%"
"02/27/2026","2.123","2.161","2.178","2.123","-1.71%"
"02/26/2026","2.160","2.164","2.195","2.152","-0.55%"
"02/25/2026","2.172","2.162","2.221","2.161","0.37%"
"02/24/2026","2.164","2.156","2.214","2.152","4.44%"
"02/23/2026","2.072","2.061","2.118","2.056","-0.48%"
"02/20/2026","2.082","2.070","2.134","2.067","0.34%"
"02/19/2026","2.075","2.088","2.132","2.072","-1.38%"
"02/18/2026","2.104","2.084","2.153","2.080","1.11%"
"02/17/2026","2.081","2.069","2.112","2.068","0.19%"
"02/16/2026","2.077","2.074","2.130","2.072","-0.19%"
"02/13/2026","2.081","2.082","2.142","2.071","-0.67%"
"02/12/2026","2.095","2.091","2.163","2.089","-1.64%"
"02/11/2026","2.130","2.079","2.151","2.074","2.40%"
"02/10/2026","2.080","2.083","2.141","2.078","-0.48%"
"02/09/2026","2.090","2.096","2.153","2.083","-0.67%"
"02/06/2026","2.104","2.072","2.139","2.070","0.86%"
"02/05/2026","2.086","2.105","2.149","2.083","-0.48%"
"02/04/2026","2.096","2.112","2.159","2.095","-0.76%"
"02/03/2026","2.112","2.109","2.172","2.109","-0.24%"
"02/02/2026","2.117","2.095","2.156","2.094","0.09%"
"01/30/2026","2.115","2.091","2.151","2.090","0.33%"
"01/29/2026","2.108","2.099","2.155","2.080","0.43%"
"01/28/2026","2.099","2.093","2.148","2.089","-0.90%"
"01/27/2026","2.118","2.139","2.163","2.108","-0.05%"
"01/26/2026","2.119","2.130","2.181","2.119","-0.84%"
"01/23/2026","2.137","2.140","2.190","2.136","0.19%"
"01/22/2026","2.133","2.128","2.168","2.115","0.76%"
"01/21/2026","2.117","2.103","2.168","2.093","0.86%"
"01/20/2026","2.099","2.114","2.156","2.094","-1.13%"
"01/19/2026","2.123","2.102","2.152","2.101","-0.61%"
"01/16/2026","2.136","2.134","2.182","2.114","0.85%"
"01/15/2026","2.118","2.102","2.159","2.099","1.10%"
"01/14/2026","2.095","2.115","2.142","2.094","-0.66%"
"01/13/2026","2.109","2.137","2.160","2.109","-0.28%"
"01/12/2026","2.115","2.122","2.164","2.110","0.05%"
"01/09/2026","2.114","2.118","2.152","2.106","0.09%"
"01/08/2026","2.112","2.110","2.177","2.109","-0.52%"
"01/07/2026","2.123","2.109","2.147","2.093","-1.26%"
"01/06/2026","2.150","2.152","2.189","2.112","-0.14%"
"01/05/2026","2.153","2.164","2.236","2.149","-2.45%"
"01/02/2026","2.207","2.179","2.207","2.158","1.28%"
"01/01/2026","2.179","2.179","2.179","2.179","0.00%"
"12/31/2025","2.179","2.179","2.179","2.179","-0.82%"
"12/30/2025","2.197","2.149","2.222","2.143","0.46%"
"12/29/2025","2.187","2.157","2.205","2.140","0.37%"
"12/26/2025","2.179","2.179","2.179","2.179","0.00%"
"12/25/2025","2.179","2.179","2.179","2.179","-0.23%"
"12/24/2025","2.184","2.184","2.184","2.184","0.00%"
"12/23/2025","2.184","2.167","2.218","2.161","-0.73%"
"12/22/2025","2.200","2.215","2.236","2.170","0.09%"
"12/19/2025","2.198","2.160","2.232","2.159","1.43%"
"12/18/2025","2.167","2.164","2.196","2.145","-0.41%"
"12/17/2025","2.176","2.162","2.225","2.158","-0.78%"
"12/16/2025","2.193","2.181","2.217","2.168","-0.32%"
"12/15/2025","2.200","2.177","2.231","2.171","-0.05%"
"12/12/2025","2.201","2.178","2.235","2.178","0.23%"
"12/11/2025","2.196","2.182","2.221","2.174","-1.70%"
"12/10/2025","2.234","2.187","2.241","2.187","2.95%"
"12/09/2025","2.170","2.188","2.217","2.170","-0.69%"
"12/08/2025","2.185","2.144","2.200","2.140","2.73%"
"12/05/2025","2.127","2.117","2.184","2.102","0.81%"
"12/04/2025","2.110","2.100","2.198","2.093","1.01%"
"12/03/2025","2.089","2.098","2.128","2.082","-0.43%"
"12/02/2025","2.098","2.104","2.133","2.097","-0.43%"
"12/01/2025","2.107","2.085","2.135","2.077","1.35%"
"11/28/2025","2.079","2.085","2.150","2.075","0.00%"
"11/27/2025","2.079","2.066","2.099","2.065","0.48%"
"11/26/2025","2.069","2.074","2.161","2.056","-0.29%"
"11/25/2025","2.075","2.094","2.146","2.072","-0.81%"
"11/24/2025","2.092","2.086","2.176","2.078","0.63%"
"11/21/2025","2.079","2.076","2.152","2.067","-1.14%"
"11/20/2025","2.103","2.087","2.117","2.084","1.06%"
"11/19/2025","2.081","2.082","2.195","2.068","-0.24%"
"11/18/2025","2.086","2.087","2.104","2.075","-0.38%"
"11/17/2025","2.094","2.104","2.122","2.082","-0.52%"
"11/14/2025","2.105","2.094","2.159","2.088","0.77%"
"11/13/2025","2.089","2.063","2.110","2.054","1.75%"
"11/12/2025","2.053","2.065","2.136","2.052","-0.10%"
"11/11/2025","2.055","2.062","2.152","2.053","-0.24%"
"11/10/2025","2.060","2.074","2.185","2.056","0.05%"
"11/07/2025","2.059","2.069","2.135","2.054","0.19%"
"11/06/2025","2.055","2.066","2.188","2.054","-0.72%"
"11/05/2025","2.070","2.066","2.146","2.050","-0.19%"
"11/04/2025","2.074","2.068","2.123","2.053","0.24%"
"11/03/2025","2.069","2.053","2.148","2.049","0.44%"
"10/31/2025","2.060","2.064","2.127","2.049","-0.91%"
"10/30/2025","2.079","2.065","2.199","2.063","1.46%"
"10/29/2025","2.049","2.055","2.141","2.046","-0.53%"
"10/28/2025","2.060","2.055","2.120","2.049","0.15%"
"10/27/2025","2.057","2.064","2.120","2.053","-0.29%"
"10/24/2025","2.063","2.026","2.122","2.019","1.98%"
"10/23/2025","2.023","2.005","2.086","2.002","0.35%"
"10/22/2025","2.016","1.992","2.123","1.980","0.60%"
"10/21/2025","2.004","1.992","2.092","1.988","-0.74%"
"10/20/2025","2.019","2.014","2.060","2.010","0.65%"
"10/17/2025","2.006","1.966","2.028","1.964","0.40%"
"10/16/2025","1.998","2.018","2.086","1.998","-0.50%"
"10/15/2025","2.008","2.016","2.098","2.004","-0.35%"
"10/14/2025","2.015","2.022","2.050","2.011","-1.23%"
"10/13/2025","2.040","2.065","2.122","2.037","-1.69%"
"10/10/2025","2.075","2.079","2.155","2.053","-1.00%"
"10/09/2025","2.096","2.080","2.148","2.075","1.16%"
"10/08/2025","2.072","2.082","2.137","2.069","-1.05%"
"10/07/2025","2.094","2.099","2.189","2.092","0.34%"
"10/06/2025","2.087","2.091","2.130","2.076","-1.65%"
"10/03/2025","2.122","2.100","2.156","2.093","1.63%"
"10/02/2025","2.088","2.090","2.133","2.085","-0.10%"
"10/01/2025","2.090","2.110","2.153","2.076","-0.43%"
"09/30/2025","2.099","2.102","2.132","2.090","0.10%"
"09/29/2025","2.097","2.115","2.176","2.096","-1.50%"
"09/26/2025","2.129","2.126","2.181","2.111","-0.47%"
"09/25/2025","2.139","2.111","2.145","2.095","1.42%"
"09/24/2025","2.109","2.104","2.127","2.089","0.19%"
"09/23/2025","2.105","2.092","2.144","2.089","0.48%"
"09/22/2025","2.095","2.106","2.144","2.088","-0.90%"
"09/19/2025","2.114","2.103","2.151","2.093","0.71%"
"09/18/2025","2.099","2.079","2.101","2.074","0.48%"
"09/17/2025","2.089","2.084","2.116","2.080","-0.19%"
"09/16/2025","2.093","2.092","2.136","2.089","-0.10%"
"09/15/2025","2.095","2.100","2.131","2.091","-0.99%"
"09/12/2025","2.116","2.088","2.118","2.083","2.03%"
"09/11/2025","2.074","2.058","2.085","2.036","1.52%"
"09/10/2025","2.043","2.032","2.075","2.023","0.54%"
"09/09/2025","2.032","2.013","2.064","2.008","1.35%"
"09/08/2025","2.005","2.010","2.033","2.001","0.10%"
"09/05/2025","2.003","2.039","2.073","2.001","-2.39%"
"09/04/2025","2.052","2.053","2.062","2.030","0.00%"
"09/03/2025","2.052","2.081","2.097","2.049","-1.96%"
"09/02/2025","2.093","2.082","2.132","2.080","1.80%"
"09/01/2025","2.056","2.056","2.078","2.040","0.39%"
"08/29/2025","2.048","2.034","2.073","2.028","0.89%"
"08/28/2025","2.030","2.024","2.060","2.017","-0.54%"
"08/27/2025","2.041","2.045","2.052","2.021","-0.10%"
"08/26/2025","2.043","2.055","2.068","2.041","-1.87%"
"08/25/2025","2.082","2.060","2.103","2.056","2.01%"
"08/22/2025","2.041","2.076","2.088","2.037","-1.69%"
"08/21/2025","2.076","2.033","2.089","2.029","1.86%"
"08/20/2025","2.038","2.052","2.065","2.027","-1.31%"
"08/19/2025","2.065","2.067","2.078","2.053","-0.34%"
"08/18/2025","2.072","2.082","2.082","2.055","-0.53%"
"08/15/2025","2.083","2.044","2.083","2.039","1.36%"
"08/14/2025","2.055","2.019","2.078","2.014","1.23%"
"08/13/2025","2.030","2.058","2.063","2.024","-1.65%"
"08/12/2025","2.064","2.068","2.096","2.055","-0.24%"
"08/11/2025","2.069","2.057","2.080","2.047","0.05%"
"08/08/2025","2.068","2.038","2.076","2.035","2.07%"
"08/07/2025","2.026","2.025","2.045","2.015","-0.69%"
"08/06/2025","2.040","2.030","2.045","2.020","1.04%"
"08/05/2025","2.019","2.014","2.033","2.007","0.15%"
"08/04/2025","2.016","2.042","2.060","2.010","-1.85%"
"08/01/2025","2.054","2.103","2.108","2.014","-1.53%"
"07/31/2025","2.086","2.082","2.102","2.080","-0.14%"
"07/30/2025","2.089","2.072","2.092","2.050","1.16%"
"07/29/2025","2.065","2.035","2.075","2.035","0.83%"
"07/28/2025","2.048","2.072","2.072","2.028","-2.43%"
"07/25/2025","2.099","2.077","2.108","2.064","2.29%"
"07/24/2025","2.052","1.986","2.052","1.979","5.45%"
"07/23/2025","1.946","1.953","1.962","1.929","-0.31%"
"07/22/2025","1.952","1.952","1.975","1.941","0.00%"
"07/21/2025","1.952","1.970","1.978","1.949","-2.59%"
"07/18/2025","2.004","2.006","2.036","1.993","0.55%"
"07/17/2025","1.993","1.993","2.016","1.973","0.35%"
"07/16/2025","1.986","2.016","2.016","1.979","-1.34%"
"07/15/2025","2.013","2.016","2.021","1.987","-2.14%"
"07/14/2025","2.057","2.033","2.057","2.020","0.19%"
"07/11/2025","2.053","2.031","2.068","2.030","0.44%"
"07/10/2025","2.044","2.004","2.061","1.997","0.99%"
"07/09/2025","2.024","2.005","2.036","1.998","0.20%"
"07/08/2025","2.020","2.007","2.027","2.004","1.66%"
"07/07/2025","1.987","1.949","1.995","1.948","1.51%"
"07/04/2025","1.957","1.960","1.968","1.946","-0.96%"
"07/03/2025","1.977","1.996","2.011","1.980","-1.32%"
"07/02/2025","2.003","1.990","2.022","1.980","1.32%"
"07/01/2025","1.977","1.983","1.985","1.951","-0.80%"
"06/30/2025","1.993","1.988","2.000","1.971","0.10%"
"06/27/2025","1.991","1.974","2.007","1.973","1.48%"
"06/26/2025","1.962","1.988","1.989","1.956","-1.56%"
"06/25/2025","1.993","1.970","2.007","1.955","0.00%"
"06/24/2025","1.993","1.987","2.014","1.982","-0.18%"
"06/23/2025","1.997","2.053","2.055","1.997","-1.11%"
"06/20/2025","2.019","2.016","2.037","2.007","-0.47%"
"06/19/2025","2.029","2.040","2.050","2.011","0.72%"
"06/18/2025","2.014","2.054","2.065","2.015","-1.54%"
"06/17/2025","2.046","2.030","2.052","2.014","1.74%"
"06/16/2025","2.010","2.057","2.074","2.007","-1.45%"
"06/13/2025","2.040","1.977","2.049","1.976","3.34%"
"06/12/2025","1.974","1.974","1.988","1.966","-1.05%"
"06/11/2025","1.995","1.994","2.010","1.968","0.38%"
"06/10/2025","1.987","2.007","2.011","1.985","-1.02%"
"06/09/2025","2.008","2.001","2.029","1.972","-0.37%"
"06/06/2025","2.016","2.033","2.036","1.991","-0.67%"
"06/05/2025","2.029","1.946","2.041","1.932","3.81%"
"06/04/2025","1.954","1.930","1.964","1.922","0.77%"
"06/03/2025","1.939","1.931","1.946","1.923","-0.23%"
"06/02/2025","1.944","1.944","1.971","1.936","0.39%"
"05/30/2025","1.936","1.939","1.964","1.931","0.16%"
"05/29/2025","1.934","2.002","2.004","1.936","-1.90%"
"05/28/2025","1.971","1.970","1.982","1.960","0.56%"
"05/27/2025","1.960","1.956","1.975","1.946","0.10%"
"05/26/2025","1.958","1.981","1.992","1.964","0.05%"
"05/23/2025","1.957","1.997","2.015","1.924","-2.30%"
"05/22/2025","2.003","2.043","2.044","2.003","-1.79%"
"05/21/2025","2.039","2.031","2.068","2.025","1.04%"
"05/20/2025","2.019","2.027","2.042","1.998","-0.42%"
"05/19/2025","2.027","2.042","2.089","2.024","-0.59%"
"05/16/2025","2.039","2.029","2.059","2.023","-0.56%"
"05/15/2025","2.050","2.100","2.105","2.052","-2.84%"
"05/14/2025","2.111","2.108","2.120","2.074","0.81%"
"05/13/2025","2.093","2.096","2.111","2.083","0.43%"
"05/12/2025","2.085","2.013","2.097","2.013","5.57%"
"05/09/2025","1.974","1.973","1.992","1.968","1.33%"
"05/08/2025","1.949","1.917","1.961","1.905","2.55%"
"05/07/2025","1.900","1.955","1.957","1.907","-2.01%"
"05/06/2025","1.939","1.953","1.964","1.933","-0.13%"
"05/05/2025","1.941","1.966","1.969","1.936","-0.56%"
"05/02/2025","1.952","1.943","1.969","1.918","3.47%"
"04/30/2025","1.887","1.949","1.949","1.892","-2.56%"
"04/29/2025","1.936","1.934","1.953","1.920","0.21%"
"04/28/2025","1.933","1.935","1.958","1.928","0.97%"
"04/25/2025","1.914","1.907","1.939","1.894","2.57%"
"04/24/2025","1.866","1.938","1.938","1.868","-3.67%"
"04/23/2025","1.937","1.929","1.963","1.918","3.17%"
"04/22/2025","1.878","1.900","1.907","1.872","-2.09%"
"04/17/2025","1.918","1.990","2.033","1.911","-2.49%"
"04/16/2025","1.967","1.980","1.990","1.960","-1.28%"
"04/15/2025","1.992","1.989","2.022","1.983","0.71%"
"04/14/2025","1.978","2.036","2.036","1.982","-2.59%"
"04/11/2025","2.030","2.035","2.071","1.990","0.37%"
"04/10/2025","2.023","2.123","2.124","2.035","0.22%"
"04/09/2025","2.019","2.005","2.056","2.001","-2.28%"
"04/08/2025","2.066","2.050","2.099","2.013","1.35%"
"04/07/2025","2.038","2.003","2.083","1.942","0.00%"
"04/04/2025","2.039","2.084","2.084","2.004","-3.18%"
"04/03/2025","2.105","2.110","2.135","2.095","-3.40%"
"04/02/2025","2.180","2.172","2.200","2.148","0.69%"
"04/01/2025","2.164","2.196","2.196","2.155","-1.57%"
"03/31/2025","2.199","2.170","2.208","2.159","0.09%"
"03/28/2025","2.197","2.214","2.223","2.200","-1.57%"
"03/27/2025","2.232","2.256","2.268","2.235","-2.02%"
"03/26/2025","2.278","2.301","2.306","2.279","-0.85%"
"03/25/2025","2.297","2.315","2.335","2.304","0.20%"
"03/24/2025","2.293","2.346","2.346","2.305","-0.97%"
"03/21/2025","2.316","2.347","2.352","2.316","-1.45%"
"03/20/2025","2.349","2.345","2.362","2.332","-0.25%"
"03/19/2025","2.355","2.335","2.370","2.332","0.55%"
"03/18/2025","2.342","2.357","2.371","2.352","0.30%"
"03/17/2025","2.336","2.364","2.375","2.332","-1.02%"
"03/14/2025","2.359","2.365","2.409","2.365","0.00%"
"03/13/2025","2.360","2.393","2.417","2.362","-1.23%"
"03/12/2025","2.389","2.398","2.428","2.383","0.44%"
"03/11/2025","2.379","2.401","2.422","2.383","-1.10%"
"03/10/2025","2.405","2.439","2.441","2.391","-1.15%"
"03/07/2025","2.434","2.452","2.460","2.391","-1.24%"
"03/06/2025","2.464","2.525","2.529","2.434","0.45%"
"03/05/2025","2.453","2.349","2.482","2.322","9.31%"
"03/04/2025","2.244","2.238","2.254","2.207","-0.86%"
"03/03/2025","2.263","2.241","2.297","2.222","1.48%"
"02/28/2025","2.230","2.226","2.250","2.217","-0.09%"
"02/27/2025","2.233","2.250","2.273","2.241","2.08%"
"02/26/2025","2.187","2.243","2.243","2.202","-0.77%"
"02/25/2025","2.204","2.257","2.261","2.225","-1.61%"
"02/24/2025","2.240","2.275","2.291","2.256","-0.44%"
"02/21/2025","2.250","2.310","2.310","2.265","-2.00%"
"02/20/2025","2.296","2.333","2.342","2.314","-0.99%"
"02/19/2025","2.319","2.293","2.350","2.291","2.70%"
"02/18/2025","2.258","2.294","2.295","2.276","-0.15%"
"02/17/2025","2.261","2.295","2.300","2.271","1.07%"
"02/14/2025","2.237","2.239","2.268","2.239","1.15%"
"02/13/2025","2.212","2.284","2.289","2.227","-2.47%"
"02/12/2025","2.268","2.258","2.295","2.252","1.80%"
"02/11/2025","2.228","2.206","2.258","2.204","2.41%"
"02/10/2025","2.175","2.203","2.216","2.183","-0.68%"
"02/07/2025","2.191","2.203","2.252","2.196","0.34%"
"02/06/2025","2.183","2.207","2.232","2.193","0.30%"
"02/05/2025","2.177","2.185","2.202","2.165","-0.09%"
"02/04/2025","2.178","2.218","2.231","2.197","-0.05%"
"02/03/2025","2.180","2.232","2.237","2.174","-3.22%"
"01/31/2025","2.252","2.341","2.345","2.266","-3.62%"
"01/30/2025","2.336","2.409","2.410","2.341","-2.91%"
"01/29/2025","2.407","2.400","2.426","2.391","0.25%"
"01/28/2025","2.401","2.424","2.435","2.403","0.19%"
"01/27/2025","2.396","2.415","2.433","2.391","-1.48%"
"01/24/2025","2.432","2.408","2.470","2.401","1.97%"
"01/23/2025","2.385","2.382","2.426","2.380","0.61%"
"01/22/2025","2.371","2.379","2.395","2.354","0.85%"
"01/21/2025","2.351","2.367","2.397","2.365","0.04%"
"01/20/2025","2.349","2.369","2.401","2.365","-0.66%"
"01/17/2025","2.365","2.368","2.390","2.362","0.21%"
"01/16/2025","2.360","2.426","2.444","2.384","-1.42%"
"01/15/2025","2.394","2.483","2.500","2.403","-3.72%"
"01/14/2025","2.487","2.476","2.517","2.473","0.38%"
"01/13/2025","2.477","2.498","2.517","2.491","1.23%"
"01/10/2025","2.447","2.442","2.490","2.438","4.89%"
"01/09/2025","2.333","2.331","2.395","2.325","0.82%"
"01/08/2025","2.314","2.315","2.348","2.296","0.76%"
"01/07/2025","2.296","2.314","2.333","2.291","-0.50%"
"01/06/2025","2.308","2.300","2.348","2.286","1.14%"
"01/03/2025","2.282","2.216","2.371","2.216","3.33%"
"01/02/2025","2.208","2.215","2.266","2.165","0.55%"
"12/31/2024","2.197","2.197","2.197","2.197","-0.20%"
"12/30/2024","2.201","2.260","2.293","2.233","-0.50%"
"12/27/2024","2.212","2.252","2.302","2.217","0.55%"
"12/24/2024","2.200","2.200","0.000","0.000","-0.72%"
"12/23/2024","2.216","2.267","2.274","2.220","1.44%"
"12/20/2024","2.184","2.213","2.248","2.189","-1.20%"
"12/19/2024","2.211","2.257","2.271","2.215","1.19%"
"12/18/2024","2.185","2.211","2.267","2.193","-1.06%"
"12/17/2024","2.208","2.246","2.263","2.201","-0.02%"
"12/16/2024","2.209","2.182","2.254","2.116","-0.83%"
"12/13/2024","2.227","2.181","2.284","2.181","2.48%"
"12/12/2024","2.174","2.158","2.184","2.091","3.01%"
"12/11/2024","2.110","2.153","2.182","2.100","-1.54%"
"12/10/2024","2.143","2.181","2.213","2.140","-1.18%"
"12/09/2024","2.168","2.204","2.240","2.157","-0.55%"
"12/06/2024","2.181","2.232","2.246","2.179","-0.59%"
"12/05/2024","2.194","2.158","2.226","2.158","1.86%"
"12/04/2024","2.154","2.178","2.239","2.159","0.56%"
"12/03/2024","2.141","2.149","2.190","2.145","0.49%"
"12/02/2024","2.131","2.170","2.182","2.136","-1.46%"
"11/29/2024","2.162","2.204","2.234","2.179","-1.23%"
"11/28/2024","2.190","2.255","2.270","2.205","-2.30%"
"11/27/2024","2.241","2.229","2.297","2.223","-0.38%"
"11/26/2024","2.250","2.264","2.292","2.244","0.45%"
"11/25/2024","2.240","2.235","2.302","2.226","0.83%"
"11/22/2024","2.221","2.352","2.361","2.234","-4.76%"
"11/21/2024","2.332","2.397","2.404","2.322","-0.30%"
"11/20/2024","2.339","2.399","2.424","2.350","-0.81%"
"11/19/2024","2.358","2.370","2.395","2.316","-0.76%"
"11/18/2024","2.376","2.372","2.437","2.372","1.63%"
"11/15/2024","2.338","2.349","2.393","2.321","0.52%"
"11/14/2024","2.326","2.396","2.401","2.336","-2.45%"
"11/13/2024","2.385","2.418","2.472","2.383","0.17%"
"11/12/2024","2.381","2.411","2.427","2.357","0.04%"
"11/11/2024","2.379","2.397","2.475","2.381","-1.39%"
"11/08/2024","2.413","2.416","2.472","2.401","-1.17%"
"11/07/2024","2.441","2.435","2.532","2.425","0.54%"
"11/06/2024","2.428","2.428","2.493","2.403","-2.65%"
"11/05/2024","2.494","2.495","2.534","2.481","1.22%"
"11/04/2024","2.464","2.492","2.540","2.474","0.00%"
"11/01/2024","2.465","2.506","2.517","2.424","0.08%"
"10/31/2024","2.463","2.500","2.540","2.444","0.16%"
"10/30/2024","2.459","2.378","2.494","2.365","3.41%"
"10/29/2024","2.378","2.364","2.427","2.364","-0.50%"
"10/28/2024","2.390","2.402","2.415","2.341","-0.13%"
"10/25/2024","2.393","2.327","2.396","2.319","1.96%"
"10/24/2024","2.347","2.320","2.348","2.286","-0.17%"
"10/23/2024","2.351","2.365","2.395","2.345","-3.25%"
"10/22/2024","2.430","2.407","2.450","2.367","1.38%"
"10/21/2024","2.397","2.323","2.417","2.320","2.39%"
"10/18/2024","2.341","2.355","2.364","2.305","-0.59%"
"10/17/2024","2.355","2.390","2.425","2.348","-1.51%"
"10/16/2024","2.391","2.381","2.429","2.373","-0.79%"
"10/15/2024","2.410","2.439","2.456","2.403","-2.55%"
"10/14/2024","2.473","2.457","2.482","2.430","0.12%"
"10/11/2024","2.470","2.435","2.508","2.418","1.31%"
"10/10/2024","2.438","2.479","2.506","2.428","-0.89%"
"10/09/2024","2.460","2.423","2.477","2.420","0.90%"
"10/08/2024","2.438","2.428","2.486","2.421","-0.16%"
"10/07/2024","2.442","2.432","2.472","2.420","0.99%"
"10/04/2024","2.418","2.336","2.422","2.333","3.51%"
"10/03/2024","2.336","2.307","2.348","2.305","0.78%"
"10/02/2024","2.318","2.291","2.328","2.291","1.05%"
"10/01/2024","2.294","2.334","2.334","2.258","-1.97%"
"09/30/2024","2.340","2.325","2.387","2.313","-0.55%"
"09/27/2024","2.353","2.342","2.359","2.310","-0.21%"
"09/26/2024","2.358","2.359","2.364","2.324","-0.80%"
"09/25/2024","2.377","2.369","2.387","2.336","1.45%"
"09/24/2024","2.343","2.412","2.434","2.333","-2.74%"
"09/23/2024","2.409","2.450","2.454","2.392","-2.71%"
"09/20/2024","2.476","2.477","2.492","2.457","0.61%"
"09/19/2024","2.461","2.481","2.505","2.451","-1.76%"
"09/18/2024","2.505","2.484","2.505","2.467","1.13%"
"09/17/2024","2.477","2.422","2.497","2.408","1.72%"
"09/16/2024","2.435","2.441","2.468","2.431","-1.30%"
"09/13/2024","2.467","2.456","2.473","2.436","-0.72%"
"09/12/2024","2.485","2.459","2.493","2.432","2.56%"
"09/11/2024","2.423","2.447","2.478","2.408","-2.42%"
"09/10/2024","2.483","2.520","2.542","2.483","-1.23%"
"09/09/2024","2.514","2.560","2.587","2.513","-1.06%"
"09/06/2024","2.541","2.553","2.582","2.517","-1.28%"
"09/05/2024","2.574","2.589","2.612","2.562","-0.31%"
"09/04/2024","2.582","2.643","2.643","2.575","-2.68%"
"09/03/2024","2.653","2.673","2.719","2.630","-1.12%"
"09/02/2024","2.683","2.673","2.692","2.661","1.21%"
"08/30/2024","2.651","2.625","2.654","2.612","0.80%"
"08/29/2024","2.630","2.654","2.667","2.597","-0.90%"
"08/28/2024","2.654","2.668","2.676","2.635","-0.52%"
"08/27/2024","2.668","2.663","2.693","2.653","0.19%"
"08/26/2024","2.663","2.623","2.698","2.623","0.99%"
"08/23/2024","2.637","2.663","2.686","2.623","-1.31%"
"08/22/2024","2.672","2.639","2.687","2.631","0.83%"
"08/21/2024","2.650","2.697","2.709","2.650","-1.67%"
"08/20/2024","2.695","2.727","2.743","2.694","-1.75%"
"08/19/2024","2.743","2.720","2.746","2.706","-0.51%"
"08/16/2024","2.757","2.718","2.759","2.688","1.14%"
"08/15/2024","2.726","2.653","2.742","2.636","3.49%"
"08/14/2024","2.634","2.625","2.698","2.624","0.04%"
"08/13/2024","2.633","2.679","2.684","2.624","-2.12%"
"08/12/2024","2.690","2.703","2.719","2.673","-0.59%"
"08/09/2024","2.706","2.691","2.708","2.671","-1.28%"
"08/08/2024","2.741","2.709","2.758","2.681","-0.54%"
"08/07/2024","2.756","2.723","2.796","2.721","1.03%"
"08/06/2024","2.728","2.735","2.759","2.674","0.22%"
"08/05/2024","2.722","2.612","2.722","2.588","1.89%"
"08/03/2024","2.671","2.671","2.671","2.671","-1.24%"
"08/02/2024","2.705","2.746","2.771","2.680","-3.22%"
"08/01/2024","2.795","2.818","2.844","2.784","-1.52%"
"07/31/2024","2.838","2.857","2.861","2.827","-1.25%"
"07/30/2024","2.874","2.900","2.923","2.868","-1.27%"
"07/29/2024","2.911","2.922","2.923","2.892","-0.65%"
"07/26/2024","2.930","2.961","2.979","2.918","-0.75%"
"07/25/2024","2.952","2.964","2.977","2.924","-1.04%"
"07/24/2024","2.983","2.997","3.014","2.973","-0.93%"
"07/23/2024","3.011","3.055","3.056","3.004","-1.50%"
"07/22/2024","3.057","3.012","3.058","3.004","1.33%"
"07/19/2024","3.017","2.987","3.023","2.968","1.00%"
"07/18/2024","2.987","3.001","3.032","2.959","-0.40%"
"07/17/2024","2.999","2.994","3.016","2.974","0.47%"
"07/16/2024","2.985","3.013","3.016","2.974","-1.22%"
"07/15/2024","3.022","3.047","3.063","3.014","-0.82%"
"07/12/2024","3.047","3.033","3.071","3.024","1.23%"
"07/11/2024","3.010","3.093","3.108","3.000","-3.15%"
"07/10/2024","3.108","3.107","3.113","3.084","-0.89%"
"07/09/2024","3.136","3.107","3.138","3.104","1.19%"
"07/08/2024","3.099","3.143","3.143","3.091","-0.80%"
"07/05/2024","3.124","3.155","3.166","3.122","-1.51%"
"07/04/2024","3.172","3.164","3.182","3.162","0.09%"
"07/03/2024","3.169","3.174","3.201","3.145","-0.28%"
"07/02/2024","3.178","3.182","3.200","3.161","-0.75%"
"07/01/2024","3.202","3.169","3.222","3.169","1.49%"
"06/28/2024","3.155","3.141","3.176","3.132","-0.06%"
"06/27/2024","3.157","3.151","3.171","3.133","0.19%"
"06/26/2024","3.151","3.124","3.151","3.113","0.86%"
"06/25/2024","3.124","3.125","3.128","3.091","-0.60%"
"06/24/2024","3.143","3.132","3.151","3.117","0.19%"
"06/21/2024","3.137","3.137","3.143","3.089","-1.01%"
"06/20/2024","3.169","3.175","3.189","3.152","0.28%"
"06/19/2024","3.160","3.132","3.187","3.130","0.89%"
"06/18/2024","3.132","3.161","3.184","3.130","-0.76%"
"06/17/2024","3.156","3.119","3.170","3.099","1.15%"
"06/14/2024","3.120","3.114","3.155","3.080","-0.92%"
"06/13/2024","3.149","3.219","3.232","3.149","-1.29%"
"06/12/2024","3.190","3.254","3.268","3.183","-2.12%"
"06/11/2024","3.259","3.293","3.305","3.254","-1.39%"
"06/10/2024","3.305","3.274","3.307","3.266","0.82%"
"06/07/2024","3.278","3.218","3.290","3.207","2.34%"
"06/06/2024","3.203","3.174","3.220","3.165","1.20%"
"06/05/2024","3.165","3.208","3.217","3.163","-1.34%"
"06/04/2024","3.208","3.208","3.220","3.173","-0.40%"
"06/03/2024","3.221","3.278","3.290","3.197","-1.98%"
"05/31/2024","3.286","3.274","3.320","3.261","0.34%"
"05/30/2024","3.275","3.299","3.305","3.268","-1.12%"
"05/29/2024","3.312","3.294","3.315","3.255","1.19%"
"05/28/2024","3.273","3.255","3.274","3.232","0.61%"
"05/27/2024","3.253","3.307","3.312","3.236","-1.78%"
"05/24/2024","3.312","3.294","3.340","3.283","0.36%"
"05/23/2024","3.300","3.234","3.321","3.216","2.04%"
"05/22/2024","3.234","3.235","3.239","3.211","1.16%"
"05/21/2024","3.197","3.205","3.215","3.173","-0.37%"
"05/20/2024","3.209","3.217","3.222","3.186","-0.16%"
"05/17/2024","3.214","3.158","3.214","3.156","1.90%"
"05/16/2024","3.154","3.110","3.155","3.102","1.02%"
"05/15/2024","3.122","3.197","3.202","3.114","-2.98%"
"05/14/2024","3.218","3.173","3.224","3.155","1.10%"
"05/13/2024","3.183","3.190","3.198","3.167","-0.50%"
"05/10/2024","3.199","3.155","3.200","3.143","1.23%"
"05/09/2024","3.160","3.161","3.190","3.131","0.10%"
"05/08/2024","3.157","3.138","3.157","3.129","1.12%"
"05/07/2024","3.122","3.128","3.137","3.107","-0.48%"
"05/06/2024","3.137","3.115","3.141","3.098","-0.60%"
"05/03/2024","3.156","3.208","3.217","3.107","-1.96%"
"05/02/2024","3.219","3.224","3.247","3.208","-0.39%"
"05/01/2024","3.231","3.237","3.237","3.231","-0.78%"
"04/30/2024","3.257","3.202","3.261","3.190","1.84%"
"04/29/2024","3.198","3.219","3.225","3.177","-1.11%"
"04/26/2024","3.234","3.255","3.264","3.214","-0.92%"
"04/25/2024","3.264","3.213","3.272","3.188","1.27%"
"04/24/2024","3.223","3.179","3.232","3.170","1.99%"
"04/23/2024","3.160","3.137","3.185","3.126","0.35%"
"04/22/2024","3.149","3.196","3.210","3.142","0.48%"
"04/20/2024","3.134","3.134","3.134","3.134","-2.09%"
"04/19/2024","3.201","3.164","3.215","3.149","0.53%"
"04/18/2024","3.184","3.135","3.185","3.132","0.98%"
"04/17/2024","3.153","3.162","3.169","3.131","0.03%"
"04/16/2024","3.152","3.105","3.159","3.090","1.16%"
"04/15/2024","3.116","3.073","3.131","3.064","1.86%"
"04/12/2024","3.059","3.118","3.126","3.027","-2.80%"
"04/11/2024","3.147","3.139","3.172","3.116","0.64%"
"04/10/2024","3.127","3.053","3.136","3.018","2.52%"
"04/09/2024","3.050","3.086","3.092","3.047","-1.10%"
"04/08/2024","3.084","3.077","3.087","3.067","1.25%"
"04/05/2024","3.046","2.999","3.048","2.995","0.66%"
"04/04/2024","3.026","3.010","3.033","3.004","-0.39%"
"04/03/2024","3.038","3.017","3.066","3.011","0.53%"
"04/02/2024","3.022","3.033","3.045","2.999","1.05%"
"04/01/2024","2.990","2.990","2.990","2.990","-0.18%"
"03/29/2024","2.996","3.000","3.000","2.996","-0.43%"
"03/28/2024","3.009","3.012","3.041","3.004","0.77%"
"03/27/2024","2.986","3.010","3.018","2.983","-1.35%"
"03/26/2024","3.027","3.036","3.037","3.010","-0.95%"
"03/25/2024","3.056","2.991","3.057","2.981","2.31%"
"03/22/2024","2.987","3.027","3.028","2.984","-1.58%"
"03/21/2024","3.035","3.057","3.063","3.011","-1.91%"
"03/20/2024","3.094","3.064","3.095","3.052","0.06%"
"03/19/2024","3.092","3.103","3.105","3.072","-0.64%"
"03/18/2024","3.112","3.109","3.126","3.100","0.71%"
"03/16/2024","3.090","3.090","3.090","3.090","-0.93%"
"03/15/2024","3.119","3.108","3.122","3.091","1.27%"
"03/14/2024","3.080","3.024","3.084","3.013","1.68%"
"03/13/2024","3.029","2.990","3.033","2.986","0.70%"
"03/12/2024","3.008","2.971","3.019","2.959","1.14%"
"03/11/2024","2.974","2.917","2.983","2.912","1.71%"
"03/08/2024","2.924","2.949","2.959","2.892","-1.68%"
"03/07/2024","2.974","3.019","3.045","2.930","-1.72%"
"03/06/2024","3.026","3.036","3.058","3.016","-0.33%"
"03/05/2024","3.036","3.083","3.092","3.010","-1.84%"
"03/04/2024","3.093","3.094","3.106","3.061","0.65%"
"03/03/2024","3.073","3.073","3.073","3.073","0.00%"
"03/02/2024","3.073","3.073","3.073","3.073","-0.71%"
"03/01/2024","3.095","3.099","3.137","3.071","0.88%"
"02/29/2024","3.068","3.077","3.167","3.065","-1.29%"
"02/28/2024","3.108","3.109","3.110","3.075","-0.03%"
"02/27/2024","3.109","3.095","3.111","3.064","0.32%"
"02/26/2024","3.099","3.049","3.099","3.046","3.28%"
"02/25/2024","3.000","3.000","3.000","3.000","0.00%"
"02/24/2024","3.000","3.000","3.000","3.000","-0.84%"
"02/23/2024","3.026","3.103","3.134","3.025","-1.94%"
"02/22/2024","3.086","3.061","3.098","3.050","1.35%"
"02/21/2024","3.045","2.993","3.048","2.973","2.15%"
"02/20/2024","2.981","3.009","3.014","2.965","-1.32%"
"02/19/2024","3.021","3.017","3.063","2.990","-1.53%"
"02/18/2024","3.068","3.068","3.068","3.068","0.00%"
"02/17/2024","3.068","3.068","3.068","3.068","1.59%"
"02/16/2024","3.020","3.000","3.043","2.991","1.34%"
"02/15/2024","2.980","2.944","2.980","2.927","0.44%"
"02/14/2024","2.967","2.993","2.995","2.963","-1.53%"
"02/13/2024","3.013","2.955","3.050","2.925","2.20%"
"02/12/2024","2.948","2.955","2.989","2.945","-0.87%"
"02/11/2024","2.974","2.974","2.974","2.974","0.00%"
"02/10/2024","2.974","2.974","2.974","2.974","-0.07%"
"02/09/2024","2.976","2.954","2.980","2.915","-6.94%"
"02/08/2024","3.198","3.180","3.217","3.158","0.22%"
"02/07/2024","3.191","3.161","3.191","3.142","1.11%"
"02/06/2024","3.156","3.149","3.189","3.135","-0.32%"
"02/05/2024","3.166","3.077","3.172","3.034","1.67%"
"02/02/2024","3.114","3.077","3.145","3.034","3.77%"
"02/01/2024","3.001","3.013","3.056","2.986","0.74%"
"01/31/2024","2.979","3.041","3.073","2.964","-2.93%"
"01/30/2024","3.069","3.034","3.099","3.031","1.19%"
"01/29/2024","3.033","3.063","3.069","3.013","-2.29%"
"01/26/2024","3.104","3.058","3.117","3.055","-0.23%"
"01/25/2024","3.111","3.189","3.223","3.082","-3.11%"
"01/24/2024","3.211","3.177","3.211","3.131","0.50%"
"01/23/2024","3.195","3.178","3.214","3.157","0.66%"
"01/22/2024","3.174","3.197","3.203","3.147","-0.78%"
"01/19/2024","3.199","3.193","3.219","3.147","0.85%"
"01/18/2024","3.172","3.154","3.182","3.132","0.41%"
"01/17/2024","3.159","3.163","3.200","3.112","2.70%"
"01/16/2024","3.076","3.077","3.097","3.048","0.10%"
"01/15/2024","3.073","3.064","3.118","3.032","0.92%"
"01/12/2024","3.045","3.070","3.110","3.011","-2.87%"
"01/11/2024","3.135","3.160","3.184","3.083","-1.63%"
"01/10/2024","3.187","3.095","3.215","3.087","2.18%"
"01/09/2024","3.119","3.097","3.156","3.082","0.74%"
"01/08/2024","3.096","3.144","3.163","3.053","-0.51%"
"01/05/2024","3.112","3.072","3.170","3.050","2.37%"
"01/04/2024","3.040","2.937","3.102","2.921","2.84%"
"01/03/2024","2.956","3.047","3.053","2.954","-1.04%"
"01/02/2024","2.987","3.000","3.038","2.970","1.50%"
"01/01/2024","2.943","2.943","2.943","2.943","-0.98%"
"12/29/2023","2.972","2.940","3.011","2.892","0.81%"
"12/28/2023","2.948","2.918","2.982","2.896","-0.17%"
"12/27/2023","2.953","2.994","3.045","2.916","-3.37%"
"12/22/2023","3.056","3.005","3.063","2.950","0.66%"
"12/21/2023","3.036","2.985","3.060","2.954","0.40%"
"12/20/2023","3.024","2.992","3.079","2.969","-1.05%"
"12/19/2023","3.056","3.042","3.061","2.991","-1.48%"
"12/18/2023","3.102","3.005","3.105","2.955","1.87%"
"12/15/2023","3.045","3.039","3.086","2.958","0.93%"
"12/14/2023","3.017","2.990","3.131","2.920","-2.90%"
"12/13/2023","3.107","3.173","3.196","3.107","-1.80%"
"12/12/2023","3.164","3.139","3.201","3.106","-0.44%"
"12/11/2023","3.178","3.151","3.186","3.124","0.41%"
"12/08/2023","3.165","3.067","3.166","3.055","3.20%"
"12/07/2023","3.067","3.057","3.083","3.019","-0.65%"
"12/06/2023","3.087","3.056","3.126","3.035","0.19%"
"12/05/2023","3.081","3.119","3.160","3.069","-2.28%"
"12/04/2023","3.153","3.138","3.197","3.110","-0.76%"
"12/01/2023","3.177","3.297","3.297","3.127","-3.87%"
"11/30/2023","3.305","3.271","3.350","3.226","1.32%"
"11/29/2023","3.262","3.283","3.344","3.253","-3.15%"
"11/28/2023","3.368","3.377","3.436","3.326","-2.12%"
"11/27/2023","3.441","3.509","3.514","3.405","-2.96%"
"11/24/2023","3.546","3.484","3.568","3.473","1.43%"
"11/23/2023","3.496","3.435","3.546","3.417","1.36%"
"11/22/2023","3.449","3.421","3.494","3.374","1.47%"
"11/21/2023","3.399","3.444","3.460","3.382","-0.96%"
"11/20/2023","3.432","3.425","3.456","3.396","-0.09%"
"11/17/2023","3.435","3.351","3.436","3.326","0.73%"
"11/16/2023","3.410","3.465","3.495","3.372","-2.26%"
"11/15/2023","3.489","3.452","3.502","3.413","0.58%"
"11/14/2023","3.469","3.519","3.574","3.429","-1.73%"
"11/13/2023","3.530","3.499","3.571","3.499","-1.62%"
"11/10/2023","3.588","3.494","3.588","3.468","1.70%"
"11/09/2023","3.528","3.428","3.532","3.428","2.92%"
"11/08/2023","3.428","3.388","3.485","3.387","-1.01%"
"11/07/2023","3.463","3.438","3.482","3.407","0.55%"
"11/06/2023","3.444","3.415","3.475","3.384","1.95%"
"11/03/2023","3.378","3.437","3.468","3.344","-1.72%"
"11/02/2023","3.437","3.373","3.441","3.355","-0.69%"
"11/01/2023","3.461","3.478","3.488","3.396","0.29%"
"10/31/2023","3.451","3.467","3.484","3.406","0.26%"
"10/30/2023","3.442","3.436","3.502","3.424","-2.74%"
"10/27/2023","3.539","3.548","3.562","3.487","-0.39%"
"10/26/2023","3.553","3.584","3.629","3.509","-1.03%"
"10/25/2023","3.590","3.542","3.625","3.542","0.53%"
"10/24/2023","3.571","3.573","3.597","3.518","-0.08%"
"10/23/2023","3.574","3.624","3.655","3.563","-0.25%"
"10/20/2023","3.583","3.618","3.655","3.566","-2.77%"
"10/19/2023","3.685","3.712","3.718","3.642","0.22%"
"10/18/2023","3.677","3.664","3.710","3.635","0.08%"
"10/17/2023","3.674","3.624","3.696","3.584","2.31%"
"10/16/2023","3.591","3.593","3.611","3.552","1.21%"
"10/13/2023","3.548","3.527","3.591","3.508","-1.14%"
"10/12/2023","3.589","3.484","3.597","3.484","2.13%"
"10/11/2023","3.514","3.520","3.564","3.452","0.98%"
"10/10/2023","3.480","3.514","3.546","3.472","-0.14%"
"10/09/2023","3.485","3.502","3.576","3.471","-1.58%"
"10/06/2023","3.541","3.582","3.601","3.541","-0.62%"
"10/05/2023","3.563","3.590","3.624","3.550","-1.63%"
"10/04/2023","3.622","3.661","3.661","3.584","-1.04%"
"10/03/2023","3.660","3.599","3.667","3.574","1.05%"
"10/02/2023","3.622","3.616","3.647","3.576","0.47%"
"09/29/2023","3.605","3.685","3.697","3.575","-2.36%"
"09/28/2023","3.692","3.657","3.750","3.620","0.93%"
"09/27/2023","3.658","3.638","3.658","3.568","1.84%"
"09/26/2023","3.592","3.615","3.644","3.573","-0.22%"
"09/25/2023","3.600","3.609","3.647","3.591","-0.14%"
"09/22/2023","3.605","3.605","3.626","3.568","-1.34%"
"09/21/2023","3.654","3.645","3.678","3.612","0.91%"
"09/20/2023","3.621","3.632","3.650","3.595","-0.19%"
"09/19/2023","3.628","3.623","3.663","3.595","-0.17%"
"09/18/2023","3.634","3.578","3.634","3.571","2.08%"
"09/15/2023","3.560","3.518","3.576","3.516","1.22%"
"09/14/2023","3.517","3.545","3.581","3.493","-1.84%"
"09/13/2023","3.583","3.535","3.583","3.521","2.40%"
"09/12/2023","3.499","3.467","3.514","3.457","0.09%"
"09/11/2023","3.496","3.496","3.516","3.457","0.20%"
"09/08/2023","3.489","3.444","3.507","3.435","0.61%"
"09/07/2023","3.468","3.523","3.523","3.465","-0.89%"
"09/06/2023","3.499","3.461","3.511","3.445","1.10%"
"09/05/2023","3.461","3.431","3.484","3.413","0.79%"
"09/04/2023","3.434","3.385","3.478","3.385","0.73%"
"09/01/2023","3.409","3.345","3.409","3.303","1.64%"
"08/31/2023","3.354","3.433","3.439","3.337","-2.87%"
"08/30/2023","3.453","3.459","3.493","3.415","1.74%"
"08/29/2023","3.394","3.400","3.462","3.374","-1.02%"
"08/28/2023","3.429","3.408","3.468","3.401","0.88%"
"08/25/2023","3.399","3.351","3.453","3.331","1.64%"
"08/24/2023","3.344","3.289","3.378","3.277","-0.15%"
"08/23/2023","3.349","3.458","3.476","3.325","-3.49%"
"08/22/2023","3.470","3.494","3.511","3.452","-1.14%"
"08/21/2023","3.510","3.444","3.516","3.415","2.78%"
"08/18/2023","3.415","3.403","3.445","3.391","-2.62%"
"08/17/2023","3.507","3.461","3.507","3.460","1.01%"
"08/16/2023","3.472","3.472","3.478","3.440","-0.34%"
"08/15/2023","3.484","3.470","3.544","3.469","0.17%"
"08/14/2023","3.478","3.459","3.478","3.396","1.10%"
"08/11/2023","3.440","3.396","3.440","3.358","1.45%"
"08/10/2023","3.391","3.364","3.391","3.332","0.83%"
"08/09/2023","3.363","3.320","3.365","3.302","1.36%"
"08/08/2023","3.318","3.347","3.347","3.284","-2.64%"
"08/07/2023","3.408","3.392","3.415","3.358","-1.33%"
"08/04/2023","3.454","3.461","3.476","3.390","-0.37%"
"08/03/2023","3.467","3.441","3.472","3.397","1.17%"
"08/02/2023","3.427","3.436","3.474","3.398","-1.27%"
"08/01/2023","3.471","3.415","3.489","3.409","1.46%"
"07/31/2023","3.421","3.479","3.480","3.415","-0.35%"
"07/28/2023","3.433","3.454","3.458","3.382","-0.06%"
"07/27/2023","3.435","3.449","3.498","3.392","-1.55%"
"07/26/2023","3.489","3.444","3.511","3.432","1.90%"
"07/25/2023","3.424","3.436","3.461","3.410","0.77%"
"07/24/2023","3.398","3.466","3.466","3.373","-2.07%"
"07/21/2023","3.470","3.474","3.486","3.435","0.41%"
"07/20/2023","3.456","3.434","3.477","3.402","0.93%"
"07/19/2023","3.424","3.334","3.449","3.306","1.42%"
"07/18/2023","3.376","3.463","3.480","3.361","-3.07%"
"07/17/2023","3.483","3.470","3.511","3.464","0.26%"
"07/14/2023","3.474","3.445","3.494","3.434","1.19%"
"07/13/2023","3.433","3.475","3.480","3.391","-2.28%"
"07/12/2023","3.513","3.612","3.615","3.497","-2.96%"
"07/11/2023","3.620","3.559","3.630","3.553","1.49%"
"07/10/2023","3.567","3.573","3.605","3.545","0.42%"
"07/07/2023","3.552","3.605","3.627","3.545","-1.82%"
"07/06/2023","3.618","3.547","3.692","3.537","2.58%"
"07/05/2023","3.527","3.533","3.546","3.482","-0.68%"
"07/04/2023","3.551","3.553","3.562","3.522","-0.64%"
"07/03/2023","3.574","3.497","3.576","3.473","2.17%"
"06/30/2023","3.498","3.483","3.520","3.470","0.14%"
"06/29/2023","3.493","3.445","3.519","3.409","2.77%"
"06/28/2023","3.399","3.435","3.445","3.385","-1.39%"
"06/27/2023","3.447","3.376","3.477","3.363","2.62%"
"06/26/2023","3.359","3.403","3.418","3.338","-0.91%"
"06/23/2023","3.390","3.454","3.466","3.351","-2.64%"
"06/22/2023","3.482","3.394","3.494","3.389","2.23%"
"06/21/2023","3.406","3.406","3.409","3.363","1.22%"
"06/20/2023","3.365","3.378","3.396","3.355","-1.09%"
"06/19/2023","3.402","3.319","3.405","3.304","0.98%"
"06/16/2023","3.369","3.408","3.413","3.341","-0.21%"
"06/15/2023","3.376","3.314","3.414","3.307","3.65%"
"06/14/2023","3.257","3.254","3.274","3.225","1.09%"
"06/13/2023","3.222","3.182","3.223","3.147","1.54%"
"06/12/2023","3.173","3.183","3.194","3.117","-0.41%"
"06/09/2023","3.186","3.188","3.199","3.138","-0.25%"
"06/08/2023","3.194","3.231","3.233","3.170","-0.37%"
"06/07/2023","3.206","3.152","3.214","3.137","2.30%"
"06/06/2023","3.134","3.173","3.175","3.081","-0.85%"
"06/05/2023","3.161","3.130","3.174","3.116","2.80%"
"06/02/2023","3.075","3.034","3.087","3.032","1.96%"
"06/01/2023","3.016","3.042","3.069","2.989","-1.31%"
"05/31/2023","3.056","3.011","3.104","3.000","-1.83%"
"05/30/2023","3.113","3.169","3.170","3.092","-2.41%"
"05/29/2023","3.190","3.254","3.257","3.183","-1.91%"
"05/26/2023","3.252","3.226","3.252","3.175","1.66%"
"05/25/2023","3.199","3.177","3.235","3.137","0.82%"
"05/24/2023","3.173","3.164","3.202","3.116","1.73%"
"05/23/2023","3.119","3.142","3.168","3.119","-0.35%"
"05/22/2023","3.130","3.084","3.145","3.051","1.76%"
"05/19/2023","3.076","3.138","3.157","3.063","-1.66%"
"05/18/2023","3.128","3.094","3.160","3.069","2.73%"
"05/17/2023","3.045","2.994","3.064","2.975","1.40%"
"05/16/2023","3.003","2.921","3.072","2.904","1.11%"
"05/15/2023","2.970","2.975","2.993","2.929","0.71%"
"05/12/2023","2.949","2.932","2.977","2.898","2.61%"
"05/11/2023","2.874","2.891","2.952","2.847","-1.47%"
"05/10/2023","2.917","2.987","2.999","2.897","-2.02%"
"05/09/2023","2.977","2.956","3.000","2.933","1.19%"
"05/08/2023","2.942","2.954","2.990","2.930","0.27%"
"05/05/2023","2.934","2.905","2.943","2.866","3.49%"
"05/04/2023","2.835","2.938","2.979","2.830","-4.58%"
"05/03/2023","2.971","2.982","2.996","2.950","0.07%"
"05/02/2023","2.969","3.086","3.105","2.967","-0.29%"
"05/01/2023","2.977","2.977","2.977","2.977","-0.45%"
"04/28/2023","2.991","3.119","3.147","2.991","-4.20%"
"04/27/2023","3.122","3.093","3.133","3.054","2.26%"
"04/26/2023","3.053","3.050","3.076","2.998","-1.13%"
"04/25/2023","3.088","3.202","3.203","3.065","-3.47%"
"04/24/2023","3.199","3.155","3.212","3.123","0.63%"
"04/21/2023","3.179","3.115","3.197","3.106","2.09%"
"04/20/2023","3.114","3.149","3.184","3.100","-1.98%"
"04/19/2023","3.177","3.171","3.193","3.149","2.29%"
"04/18/2023","3.106","3.112","3.138","3.054","-0.32%"
"04/17/2023","3.116","3.129","3.145","3.101","-0.13%"
"04/14/2023","3.120","3.051","3.137","3.027","2.83%"
"04/13/2023","3.034","3.001","3.060","2.992","1.34%"
"04/12/2023","2.994","2.920","3.007","2.868","2.29%"
"04/11/2023","2.927","2.877","2.935","2.833","6.75%"
"04/10/2023","2.742","2.742","2.742","2.742","-0.18%"
"04/07/2023","2.747","2.748","2.750","2.747","-1.15%"
"04/06/2023","2.779","2.740","2.781","2.675","1.94%"
"04/05/2023","2.726","2.832","2.861","2.705","-2.22%"
"04/04/2023","2.788","2.885","2.898","2.784","-2.07%"
"04/03/2023","2.847","2.922","2.944","2.831","-0.80%"
"03/31/2023","2.870","2.974","3.023","2.867","-2.81%"
"03/30/2023","2.953","2.800","2.969","2.755","3.36%"
"03/29/2023","2.857","2.835","2.871","2.811","0.49%"
"03/28/2023","2.843","2.858","2.892","2.809","1.79%"
"03/27/2023","2.793","2.780","2.825","2.739","4.84%"
"03/26/2023","2.664","2.664","2.664","2.664","-1.55%"
"03/24/2023","2.706","2.741","2.741","2.560","-2.45%"
"03/23/2023","2.774","2.874","2.897","2.749","-5.19%"
"03/22/2023","2.926","2.916","2.972","2.882","3.43%"
"03/21/2023","2.829","2.701","2.830","2.694","7.85%"
"03/20/2023","2.623","2.475","2.635","2.429","-2.71%"
"03/17/2023","2.696","2.853","2.901","2.670","-4.40%"
"03/16/2023","2.820","2.932","2.932","2.655","5.15%"
"03/15/2023","2.682","3.204","3.217","2.665","-14.07%"
"03/14/2023","3.121","2.752","3.160","2.722","5.55%"
"03/13/2023","2.957","3.239","3.239","2.774","-11.17%"
"03/10/2023","3.329","3.312","3.338","3.229","-2.75%"
"03/09/2023","3.423","3.509","3.514","3.416","-1.18%"
"03/08/2023","3.464","3.494","3.497","3.437","0.00%"
"03/07/2023","3.464","3.447","3.481","3.375","0.17%"
"03/06/2023","3.458","3.342","3.460","3.319","2.76%"
"03/03/2023","3.365","3.379","3.389","3.327","-0.27%"
"03/02/2023","3.374","3.392","3.392","3.310","0.78%"
"03/01/2023","3.348","3.357","3.364","3.289","1.36%"
"02/28/2023","3.303","3.328","3.363","3.283","1.54%"
"02/27/2023","3.253","3.211","3.258","3.204","0.87%"
"02/24/2023","3.225","3.113","3.240","3.093","3.73%"
"02/23/2023","3.109","3.128","3.151","3.097","-0.77%"
"02/22/2023","3.133","3.155","3.187","3.119","-0.89%"
"02/21/2023","3.161","3.101","3.168","3.101","2.10%"
"02/20/2023","3.096","3.068","3.096","3.062","2.25%"
"02/18/2023","3.028","3.028","3.028","3.028","-1.97%"
"02/17/2023","3.089","3.158","3.171","3.070","-0.45%"
"02/16/2023","3.103","3.064","3.127","3.063","-0.16%"
"02/15/2023","3.108","3.053","3.123","3.037","0.88%"
"02/14/2023","3.081","2.977","3.081","2.957","3.81%"
"02/13/2023","2.968","2.970","2.989","2.938","-0.10%"
"02/10/2023","2.971","2.916","2.983","2.903","2.52%"
"02/09/2023","2.898","2.872","2.898","2.843","0.07%"
"02/08/2023","2.896","2.870","2.908","2.868","1.54%"
"02/07/2023","2.852","2.816","2.852","2.793","0.67%"
"02/06/2023","2.833","2.781","2.833","2.778","3.81%"
"02/03/2023","2.729","2.708","2.758","2.682","2.13%"
"02/02/2023","2.672","2.840","2.851","2.647","-7.29%"